fog_index,rainfall_mm,signal_status,congestion_level,time_of_day,train_type,actual_delay_min
0.774,10.91,0,0.7361,20,2,104
0.4389,33.15,2,0.0804,10,2,136
0.8586,38.34,0,0.2427,16,0,106
0.6974,8.33,2,0.8859,23,2,184
0.0942,2.19,1,0.5769,1,2,73
0.9756,21.98,0,0.0466,2,0,108
0.7611,38.7,1,0.7043,22,0,152
0.7861,32.54,0,0.5067,13,0,108
0.1281,35.09,2,0.8545,14,2,152
0.4504,20.14,0,0.6824,8,1,89
0.3708,11.75,1,0.0044,19,1,72
0.9268,26.59,0,0.2057,15,1,109
0.6439,10.22,1,0.258,6,1,105
0.8228,36.31,1,0.7022,15,1,155
0.4434,9.85,0,0.5093,0,0,68
0.2272,14.56,2,0.7474,5,1,136
0.5546,25.33,0,0.5129,4,0,87
0.0638,24.34,0,0.3274,18,2,38
0.8276,30.04,1,0.1037,17,0,118
0.6317,21.87,0,0.2026,2,0,77
0.7581,45.97,1,0.4008,21,1,140
0.3545,42.0,2,0.5515,19,1,156
0.9707,43.96,0,0.9386,10,1,150
0.8931,31.48,1,0.2397,5,2,125
0.7784,31.75,0,0.6661,10,2,117
0.1946,30.46,0,0.1525,14,1,50
0.4667,21.74,0,0.7138,15,2,95
0.0438,16.11,0,0.0113,8,1,22
0.1543,29.6,1,0.6559,2,0,84
0.683,1.28,2,0.1632,14,0,149
0.7448,0.37,2,0.1803,16,0,151
0.9675,42.58,0,0.5589,6,0,127
0.3258,2.32,2,0.3754,15,2,138
0.3705,26.24,1,0.4713,13,1,88
0.4696,30.75,1,0.3089,12,1,102
0.1895,9.91,2,0.9535,0,1,150
0.1299,44.79,1,0.2907,7,0,81
0.4757,9.5,0,0.542,8,2,69
0.2269,44.23,1,0.8544,20,0,112
0.6698,38.15,2,0.6642,19,1,189
0.4372,12.04,2,0.3228,20,2,142
0.8327,7.54,0,0.5524,11,2,96
0.7003,15.81,2,0.083,7,1,150
0.3124,19.9,0,0.5457,11,2,68
0.8323,12.29,2,0.4314,19,0,163
0.8048,49.94,0,0.7579,14,0,143
0.3875,11.48,0,0.8479,14,1,87
0.2883,41.53,2,0.1996,10,0,133
0.6825,7.96,1,0.0815,16,0,97
0.1398,49.01,0,0.3906,20,2,63
0.1999,11.28,0,0.5342,16,2,52
0.0074,21.08,0,0.3768,9,0,40
0.7869,27.93,0,0.6286,20,0,109
0.6649,6.01,2,0.5057,22,1,172
0.7052,40.84,0,0.9366,19,0,127
0.7807,13.73,0,0.4094,21,0,89
0.4589,27.46,2,0.0825,6,2,131
0.5687,27.48,2,0.3019,10,2,154
0.1398,30.13,0,0.6059,5,2,56
0.1145,2.77,1,0.256,8,0,60
0.6684,8.43,1,0.269,17,2,94
0.4711,8.06,1,0.3396,16,0,89
0.5652,15.1,0,0.7461,0,2,96
0.765,7.25,2,0.9401,18,1,194
0.6347,46.1,2,0.3504,4,0,172
0.5536,25.65,2,0.1955,4,2,155
0.5592,31.18,2,0.4206,13,1,157
0.304,17.87,0,0.3518,5,0,49
0.0308,13.81,1,0.99,23,2,84
0.4367,25.16,2,0.4639,3,2,141
0.2146,14.72,1,0.6793,3,1,97
0.4085,17.18,2,0.9138,18,1,172
0.8534,22.64,1,0.6291,6,0,137
0.2339,25.29,2,0.2494,17,1,127
0.0583,49.22,2,0.6074,16,2,152
0.2814,11.17,1,0.4019,4,1,84
0.2936,24.4,2,0.4223,13,2,134
0.6619,7.48,1,0.9793,12,0,144
0.557,17.5,0,0.2786,2,0,66
0.7839,35.87,1,0.4689,18,0,142
0.6643,8.72,2,0.1599,20,0,143
0.4064,29.07,0,0.1785,22,2,68
0.814,20.84,0,0.6035,2,1,114
0.167,2.58,1,0.751,4,0,79
0.0227,46.65,1,0.6365,19,1,90
0.09,20.68,1,0.3293,7,2,69
0.7224,39.2,1,0.0596,15,2,112
0.4619,20.82,1,0.4703,8,0,98
0.1613,46.87,0,0.5043,5,2,58
0.501,14.52,0,0.7707,14,1,90
0.1523,20.61,2,0.6403,4,2,133
0.6963,37.94,1,0.8713,3,1,149
0.4462,17.18,2,0.783,12,2,153
0.381,18.22,1,0.3659,4,2,95
0.3015,49.74,0,0.6322,4,2,90
0.6303,27.78,1,0.7473,18,0,130
0.3618,34.47,2,0.9569,12,2,172
0.0876,32.17,2,0.4224,13,0,132
0.118,41.4,0,0.6483,3,2,67
0.9619,43.09,2,0.3927,3,1,210
0.9086,28.16,1,0.7378,9,0,147
0.6997,14.73,0,0.912,9,0,119
0.2659,1.14,1,0.9192,10,2,91
0.9692,30.72,0,0.1571,3,1,106
0.7788,41.27,0,0.2041,21,0,94
0.7169,22.53,2,0.7549,8,2,190
0.4494,8.24,2,0.631,19,2,144
0.2722,14.4,1,0.9051,9,0,100
0.0964,25.5,2,0.3138,11,0,113
0.9026,41.83,2,0.848,2,2,210
0.4558,8.59,1,0.6838,16,1,102
0.2024,30.61,0,0.1955,1,0,44
0.306,37.67,1,0.1265,17,1,79
0.5792,46.8,0,0.7027,21,2,113
0.1768,5.84,2,0.1585,8,1,114
0.8566,46.32,1,0.7943,21,2,163
0.7585,30.07,2,0.5571,16,0,185
0.7195,38.34,2,0.4769,0,2,180
0.4321,2.69,1,0.2755,4,1,72
0.6273,25.31,2,0.9838,15,2,189
0.5841,31.13,2,0.7222,16,1,177
0.6498,15.34,2,0.7781,2,2,183
0.0844,21.58,0,0.7687,16,0,62
0.4158,27.71,1,0.584,19,0,102
0.0416,27.63,2,0.9397,2,2,147
0.494,2.09,2,0.5838,21,0,156
0.3299,21.97,1,0.52,12,2,94
0.1445,10.69,0,0.2737,14,0,39
0.1034,45.83,0,0.2817,1,2,54
0.5876,48.83,1,0.7369,14,1,133
0.1706,14.98,1,0.3348,10,1,62
0.9251,8.76,2,0.7287,8,1,195
0.5811,10.98,0,0.9527,18,1,105
0.3469,23.89,1,0.4393,5,1,94
0.5909,43.73,0,0.0973,1,1,81
0.0228,25.0,2,0.6665,11,2,126
0.9586,2.77,0,0.0095,17,2,76
0.4823,1.99,0,0.787,3,1,80
0.7827,11.37,0,0.5257,23,1,95
0.0827,42.14,0,0.4897,16,0,60
0.4867,31.07,1,0.5694,22,2,119
0.4907,28.15,1,0.5164,11,0,111
0.9378,15.95,1,0.3238,2,1,136
0.5717,46.47,2,0.2815,4,2,171
0.4735,16.56,1,0.4153,12,2,98
0.267,41.75,0,0.8949,14,1,92
0.3316,44.8,1,0.1354,17,1,90
0.5207,24.17,2,0.3248,19,0,145
0.4389,44.71,1,0.1923,18,1,105
0.0216,13.84,0,0.4271,14,0,35
0.8263,32.92,2,0.1335,0,2,170
0.8962,4.4,2,0.7608,12,2,193
0.1402,23.7,0,0.1035,19,0,39
0.554,10.87,1,0.6653,20,0,116
0.1086,3.14,1,0.2677,20,1,60
0.6722,0.19,0,0.4722,0,1,81
0.2812,16.24,0,0.2,10,1,39
0.6594,29.48,2,0.7302,14,0,179
0.727,22.76,1,0.9483,5,2,146
0.7686,15.09,2,0.2217,9,0,161
0.1077,49.56,1,0.9532,2,1,118
0.916,46.98,1,0.3253,4,2,136
0.2302,6.28,2,0.5578,0,2,130
0.0374,20.76,0,0.7016,23,1,50
0.5549,32.44,1,0.1993,20,0,92
0.3709,36.67,0,0.4448,9,2,79
0.8298,18.32,0,0.0678,0,0,88
0.8083,37.31,2,0.6971,8,0,197
0.3171,6.21,0,0.4166,10,0,55
0.9529,16.59,1,0.8916,4,2,161
0.2909,35.82,1,0.274,15,1,84
0.5151,31.28,2,0.9236,23,1,186
0.256,41.86,1,0.141,20,2,71
0.936,2.34,2,0.607,20,2,189
0.1646,8.72,2,0.3078,19,2,108
0.0449,2.42,2,0.1818,1,0,93
0.4351,9.61,2,0.0939,13,1,126
0.9924,0.21,0,0.6556,13,1,126
0.8917,25.21,0,0.2332,2,2,97
0.7486,26.42,1,0.5728,3,1,136
0.8908,32.89,1,0.9794,13,0,163
0.8934,19.25,2,0.316,17,2,171
0.5189,0.16,2,0.0349,5,1,126
0.3159,33.69,0,0.1428,11,2,51
0.772,2.71,0,0.1193,1,1,80
0.6617,43.31,0,0.4633,2,1,105
0.3737,1.13,1,0.7447,13,0,99
0.0945,26.52,1,0.2964,13,0,67
0.7468,44.75,0,0.1458,18,0,93
0.2625,28.62,2,0.6408,21,0,151
0.9368,30.42,0,0.3012,4,1,103
0.241,34.08,1,0.5752,8,0,99
0.1228,6.12,2,0.9338,20,0,136
0.8311,33.75,0,0.2913,1,2,104
0.1533,44.02,2,0.5125,19,2,145
0.1793,48.71,2,0.8068,22,0,160
0.5994,22.15,2,0.6917,2,2,170
0.8746,17.23,0,0.7515,3,0,110
0.1964,37.67,1,0.7726,16,0,104
0.3103,27.14,0,0.5399,11,1,72
0.7774,12.87,1,0.5361,23,0,132
0.9718,8.61,2,0.7189,13,0,193
0.5007,8.51,2,0.6976,15,2,154
0.1439,22.96,2,0.6701,5,2,137
0.0139,8.51,1,0.3821,7,0,59
0.2297,0.99,2,0.8285,4,0,147
0.1318,2.6,2,0.2362,3,2,104
0.6777,46.49,2,0.1557,2,2,170
0.1218,3.65,2,0.3452,21,0,95
0.5063,3.66,1,0.2538,1,2,81
0.6943,22.56,0,0.6632,12,0,117
0.5811,12.26,0,0.231,12,1,69
0.1998,48.13,2,0.6565,1,2,155
0.8041,45.55,0,0.5132,20,1,122
0.7154,20.24,0,0.1525,12,1,83
0.739,22.44,2,0.2584,3,2,171
0.1311,18.76,1,0.5217,3,1,84
0.1238,1.89,2,0.7331,16,2,130
0.9276,14.64,0,0.3983,14,2,103
0.3976,6.13,1,0.2328,9,0,79
0.3009,5.12,1,0.2951,9,2,69
0.4886,28.04,1,0.0951,0,2,88
0.6629,4.94,1,0.0251,0,2,82
0.9556,5.15,0,0.9731,12,1,128
0.2864,24.03,2,0.0964,8,1,122
0.9248,22.11,0,0.1249,6,1,94
0.0249,6.88,1,0.871,9,2,87
0.5552,0.22,2,0.6635,14,1,162
0.634,9.65,1,0.4361,7,0,109
0.1059,11.79,0,0.649,8,2,50
0.1403,40.01,0,0.935,6,0,84
0.4191,45.77,1,0.0994,15,1,96
0.9662,20.3,1,0.2437,1,0,128
0.596,20.25,2,0.8603,22,1,173
0.933,35.62,0,0.7806,13,1,140
0.8044,31.35,1,0.9943,5,0,165
0.4674,9.21,0,0.3139,18,2,63
0.7848,5.38,1,0.9449,22,1,131
0.0178,21.88,1,0.3437,1,1,60
0.1091,28.24,0,0.7151,4,0,63
0.8294,6.94,0,0.8827,3,2,117
0.7968,14.66,0,0.1708,1,2,89
0.2326,15.3,1,0.2056,17,1,64
0.5308,13.06,0,0.581,4,1,92
0.606,23.04,0,0.8438,9,1,114
0.8677,32.65,0,0.0789,19,2,92
0.6031,25.47,0,0.8509,14,0,106
0.4126,10.07,0,0.3431,16,2,54
0.3742,5.15,1,0.4062,2,2,82
0.4259,41.09,0,0.3399,23,2,75
0.6519,23.97,0,0.9115,1,2,120
0.8675,3.11,0,0.1308,17,2,84
0.4539,12.91,0,0.5743,15,0,71
0.2478,40.2,0,0.1481,9,0,50
0.2367,37.59,0,0.9286,20,0,87
0.746,43.79,2,0.7979,21,1,204
0.8166,30.1,2,0.2338,1,1,165
0.1053,21.15,0,0.2978,22,0,48
0.0666,21.33,0,0.3815,5,1,40
0.5944,9.7,1,0.4054,18,0,105
0.1462,32.54,2,0.8173,19,1,148
0.8247,29.25,2,0.5645,13,1,198
0.3103,7.74,2,0.4279,20,2,132
0.1439,44.28,0,0.7194,19,2,80
0.921,18.42,1,0.4579,12,1,142
0.1655,2.49,1,0.1282,4,2,59
0.2847,16.39,1,0.1075,10,0,61
0.1536,43.49,2,0.326,21,0,134
0.1155,45.85,0,0.6029,4,2,58
0.0211,24.52,1,0.1348,23,2,53
0.0554,47.82,0,0.5501,4,0,61
0.1746,43.76,0,0.2696,15,0,47
0.0534,41.26,0,0.6954,15,0,60
0.5911,42.99,2,0.0283,4,0,148
0.6807,19.09,1,0.469,11,1,122
0.3936,37.82,2,0.0523,3,0,136
0.318,28.87,2,0.3305,8,2,144
0.5045,35.98,1,0.0156,23,1,87
0.875,8.89,2,0.4691,1,2,169
0.8511,36.57,0,0.767,20,1,134
0.0435,47.88,2,0.1002,16,2,111
0.1815,15.13,0,0.7352,17,0,60
0.2367,49.31,1,0.5842,6,1,101
0.2494,18.92,2,0.5046,22,0,134
0.5712,9.99,2,0.5995,6,2,156
0.4163,5.61,0,0.3359,12,1,66
0.0493,39.25,2,0.7103,0,0,129
0.3736,27.74,0,0.7797,21,2,87
0.5238,15.36,2,0.7782,16,2,175
0.1017,30.42,1,0.2695,3,0,72
0.8335,16.61,0,0.6539,15,2,123
0.052,22.42,2,0.1481,4,2,104
0.9248,43.13,2,0.4954,10,1,192
0.0991,33.41,0,0.0026,12,1,36
0.8436,38.12,0,0.1936,22,2,97
0.9027,29.17,0,0.6317,7,1,123
0.9796,49.57,1,0.8744,0,1,184
0.802,12.07,1,0.049,10,0,97
0.7795,13.11,2,0.5586,22,2,175
0.6425,4.63,2,0.6368,19,2,172
0.779,27.7,0,0.9324,1,0,124
0.1346,30.67,1,0.6551,1,1,89
0.5361,36.3,2,0.103,18,0,144
0.5142,16.77,2,0.1467,17,1,142
0.8576,0.61,0,0.6358,13,0,104
0.4628,31.61,0,0.2156,2,2,72
0.3851,49.93,0,0.9283,6,2,111
0.6396,14.73,1,0.9207,20,2,136
0.2665,9.2,1,0.9487,3,2,114
0.1398,14.09,1,0.293,4,2,63
0.4779,21.27,0,0.7169,10,0,92
0.4169,12.55,1,0.663,17,2,97
0.2326,17.35,0,0.0356,19,2,36
0.3675,31.91,1,0.2656,14,0,90
0.3664,17.25,0,0.2068,11,0,57
0.3275,19.8,2,0.3708,9,2,123
0.3795,2.0,1,0.9531,1,1,105
0.6857,45.9,0,0.8456,6,0,119
0.2969,20.34,2,0.2934,5,1,123
0.9489,16.41,2,0.53,1,2,189
0.9163,4.32,0,0.1923,17,1,83
0.4809,31.71,0,0.2774,8,1,75
0.3284,43.19,0,0.065,12,1,57
0.5354,2.06,1,0.6426,4,0,114
0.8486,7.26,1,0.6569,14,0,135
0.6526,7.32,1,0.8385,3,1,123
0.8044,30.11,1,0.8716,16,0,153
0.5327,46.06,1,0.1601,17,2,100
0.6329,21.89,0,0.743,7,1,100
0.2882,17.19,0,0.1347,5,1,43
0.7349,38.29,2,0.3737,18,1,185
0.2024,37.13,2,0.5155,5,2,136
0.6948,12.34,2,0.0495,4,1,138
0.8607,8.04,2,0.1568,8,0,161
0.1321,17.89,1,0.2711,23,1,67
0.6144,38.78,2,0.1275,11,0,145
0.0951,34.75,2,0.9341,6,1,157
0.7257,33.29,2,0.2883,12,1,159
0.0845,41.47,0,0.5012,8,1,55
0.9359,13.86,0,0.9965,15,1,139
0.1374,16.98,1,0.5666,10,1,80
0.9589,2.12,1,0.4115,14,2,134
0.8009,43.44,2,0.9298,10,2,216
0.5937,29.12,0,0.2225,11,2,82
0.7826,14.91,2,0.1795,10,0,164
0.7951,3.47,2,0.5354,9,1,177
0.946,36.17,2,0.4273,23,0,200
0.2534,37.44,0,0.797,6,1,79
0.5901,33.31,0,0.042,19,2,81
0.095,10.19,0,0.6177,17,1,51
0.6162,45.66,2,0.7107,12,2,185
0.1713,37.66,2,0.9719,7,2,168
0.565,32.89,1,0.1458,11,2,97
0.5724,32.55,0,0.2462,20,2,77
0.466,45.22,1,0.9324,4,2,134
0.5226,46.42,2,0.6306,14,2,176
0.7639,29.78,1,0.038,18,0,108
0.7992,20.83,0,0.0773,15,0,80
0.4922,18.19,1,0.7854,3,1,117
0.5996,40.95,1,0.5675,12,2,123
0.9312,32.23,1,0.5654,4,1,152
0.1197,3.86,2,0.8799,22,0,129
0.1171,7.11,0,0.2411,8,2,32
0.0877,45.01,1,0.1604,10,2,60
0.6579,44.22,2,0.6138,20,1,181
0.4186,47.59,0,0.8824,10,2,106
0.7743,21.39,0,0.2653,4,2,86
0.6712,39.2,0,0.6813,21,2,115
0.3336,41.41,1,0.1524,15,0,86
0.8984,15.78,0,0.1719,14,0,97
0.7625,7.27,2,0.9015,1,1,191
0.2705,49.85,0,0.118,10,2,57
0.3642,1.51,2,0.0243,11,2,118
0.3144,29.87,1,0.7749,6,0,108
0.1576,32.51,2,0.3625,13,2,125
0.1478,34.09,1,0.3967,5,1,85
0.9361,12.78,1,0.7999,11,2,146
0.4379,36.08,0,0.1799,19,2,66
0.3833,10.82,1,0.6503,17,0,99
0.7297,41.45,0,0.3135,6,1,95
0.553,10.96,0,0.1043,4,0,59
0.9361,34.84,2,0.6875,0,1,214
0.7803,39.17,2,0.3187,8,2,170
0.4794,9.45,0,0.8666,0,2,89
0.3764,11.9,1,0.919,3,2,109
0.9866,38.96,0,0.8491,23,1,154
0.7178,4.3,0,0.3224,20,0,78
0.9512,9.54,1,0.2366,13,1,119
0.1185,22.78,2,0.8928,18,1,153
0.8505,46.51,0,0.4529,11,1,117
0.6371,28.09,1,0.7077,14,0,136
0.1219,19.38,2,0.8272,22,2,146
0.5883,48.92,1,0.2777,1,1,120
0.6861,23.19,0,0.1191,8,1,85
0.0123,21.69,1,0.6248,2,0,66
0.4543,20.58,2,0.5902,19,0,153
0.8254,15.61,2,0.2702,19,1,172
0.2954,16.28,1,0.5847,17,1,91
0.4585,34.39,0,0.7904,14,2,95
0.4423,2.04,2,0.35,11,2,136
0.3019,34.09,2,0.2423,0,1,139
0.9184,10.06,1,0.725,18,0,138
0.7813,19.21,2,0.7859,21,0,190
0.1106,7.33,2,0.9543,23,0,140
0.997,27.64,0,0.1476,8,0,102
0.8792,36.47,1,0.8893,4,2,155
0.2839,17.73,1,0.7651,15,0,107
0.8369,8.17,1,0.7019,0,2,136
0.1064,11.33,1,0.3131,1,1,62
0.9991,40.91,2,0.0222,19,1,177
0.6657,13.38,0,0.5076,22,2,87
0.6501,38.74,1,0.2858,9,2,118
0.0904,16.56,0,0.2898,12,0,43
0.897,9.44,1,0.9271,13,2,158
0.029,36.37,1,0.153,3,0,62
0.2408,23.43,0,0.9342,5,1,82
0.143,1.56,2,0.5038,7,1,130
0.7768,48.0,0,0.8383,20,0,129
0.1982,7.39,0,0.2836,10,1,41
0.9106,17.67,1,0.6339,17,1,139
0.6563,19.24,2,0.5566,4,2,171
0.0362,24.47,0,0.9242,22,2,59
0.0054,39.27,1,0.1793,21,1,60
0.0517,0.3,1,0.2046,11,2,52
0.6059,46.62,2,0.949,5,2,192
0.8015,32.3,0,0.098,23,0,84
0.2386,47.53,0,0.6347,19,2,76
0.8494,40.87,1,0.0606,12,2,117
0.0572,46.39,0,0.077,6,0,34
0.801,30.05,2,0.5971,14,2,192
0.9278,17.87,0,0.5514,8,0,117
0.7721,22.15,1,0.573,16,1,129
0.6981,32.9,0,0.4737,19,2,99
0.838,21.35,2,0.7424,11,2,191
0.0402,36.58,1,0.9922,1,2,104
0.2018,4.59,0,0.2758,13,2,33
0.1249,41.5,0,0.3234,20,0,44
0.5045,10.21,0,0.323,5,2,65
0.7452,47.2,0,0.7633,23,1,128
0.63,7.78,2,0.348,8,2,156
0.8511,6.46,1,0.6767,16,1,135
0.1552,40.59,2,0.4459,16,0,135
0.7346,40.94,0,0.6078,4,1,103
0.193,36.94,2,0.829,0,2,154
0.2708,48.03,1,0.5141,22,2,98
0.7099,13.53,1,0.4752,16,1,127
0.9802,41.33,2,0.267,15,0,191
0.6115,17.6,2,0.5159,7,2,163
0.0545,26.87,2,0.2624,2,2,114
0.6163,22.28,2,0.8436,6,2,181
0.0424,0.29,1,0.3889,13,2,57
0.8841,28.72,2,0.1291,16,2,170
0.7096,37.38,2,0.24,7,1,172
0.1731,8.73,2,0.5346,5,2,137
0.0917,46.58,1,0.9163,5,1,106
0.1835,26.52,0,0.3006,23,2,56
0.98,8.91,1,0.2644,15,0,117
0.4586,32.3,0,0.4066,23,0,80
0.7841,9.6,0,0.9678,0,0,121
0.6364,3.18,1,0.8452,10,1,126
0.5724,34.27,1,0.1497,10,2,98
0.1451,5.53,1,0.6138,9,0,75
0.946,5.31,2,0.7919,9,2,189
0.3013,37.0,2,0.768,1,2,160
0.578,2.76,1,0.4888,0,2,92
0.6998,40.49,1,0.7318,18,1,144
0.6492,39.81,2,0.5836,10,0,180
0.9406,7.07,0,0.2014,3,1,85
0.1484,25.92,2,0.0561,8,0,97
0.5084,4.83,2,0.3695,22,0,127
0.404,31.63,2,0.0619,11,2,125
0.4742,3.15,0,0.395,23,1,61
0.1192,47.22,1,0.8289,3,2,114
0.1341,10.39,2,0.8443,2,1,140
0.2781,34.14,0,0.0341,13,1,51
0.3047,6.41,0,0.0695,16,2,35
0.4279,10.48,1,0.6699,23,1,105
0.611,22.55,1,0.5,11,2,114
0.6346,28.65,2,0.1494,4,0,153
0.4118,49.94,1,0.8055,12,1,131
0.4088,1.3,2,0.2165,7,2,120
0.2176,0.02,0,0.0781,4,2,31
0.5883,17.52,1,0.7495,2,2,120
0.317,18.31,0,0.6081,17,0,79
0.0361,44.19,0,0.3944,15,1,51
0.4184,45.63,0,0.6927,3,0,102
0.4741,44.03,2,0.9114,13,2,187
0.2256,7.16,1,0.0342,21,1,45
0.5725,20.61,0,0.6277,19,0,89
0.5658,37.29,0,0.2182,10,2,85
0.702,15.63,1,0.4741,1,2,119
0.6479,33.16,2,0.424,15,0,179
0.6524,11.86,2,0.39,12,0,150
0.3162,16.17,0,0.1904,22,0,55
0.7874,43.02,2,0.8026,13,0,209
0.5491,12.53,1,0.3795,17,1,102
0.4314,48.22,2,0.8872,12,2,177
0.626,15.31,0,0.3547,12,0,78
0.3607,1.18,1,0.8397,7,1,96
0.5127,12.75,2,0.5445,9,1,146
0.7367,8.56,0,0.3856,7,2,93
0.8864,25.34,2,0.704,11,1,201
0.9211,5.64,0,0.7867,22,2,127
0.5036,31.3,2,0.4827,8,2,157
0.5203,43.74,2,0.4254,11,0,172
0.7999,18.13,2,0.5774,22,0,188
0.3145,8.42,2,0.5852,3,0,139
0.8374,20.0,0,0.4255,6,0,100
0.4941,39.3,1,0.7577,11,1,137
0.1159,29.57,2,0.3997,9,0,119
0.0721,5.06,0,0.453,8,1,35
0.842,26.86,0,0.6053,18,0,116
0.0556,23.4,0,0.9868,11,1,76
0.2806,16.36,2,0.2607,8,2,136
0.3341,5.51,0,0.232,11,1,49
0.173,49.06,1,0.1769,21,1,80
0.3139,8.8,1,0.6894,23,1,91
0.7427,9.64,1,0.4491,5,0,116
0.0147,7.28,2,0.3886,0,1,95
0.8272,28.51,2,0.2041,0,2,170
0.8565,22.18,1,0.8911,10,0,156
0.3723,12.48,2,0.4432,15,2,137
0.1536,21.47,0,0.6077,1,0,59
0.6008,33.68,2,0.1125,12,0,141
0.1197,14.09,0,0.108,9,0,23
0.3649,45.76,0,0.0674,22,0,65
0.9584,15.32,0,0.3673,14,0,113
0.9955,9.91,0,0.4729,10,2,112
0.7721,47.73,2,0.2446,14,2,183
0.311,40.53,0,0.3497,3,2,70
0.6877,17.16,2,0.0063,11,0,145
0.7054,42.07,1,0.3511,7,2,121
0.3878,25.94,0,0.1192,4,2,49
0.6409,17.34,1,0.1284,9,0,103
0.0107,41.98,0,0.0045,15,1,24
0.2091,37.61,0,0.6964,13,2,71
0.5251,14.89,1,0.9313,23,0,127
0.1638,30.33,2,0.6215,6,0,145
0.1659,18.47,1,0.0962,16,1,51
0.8363,0.05,0,0.9896,13,1,118
0.9891,48.09,2,0.9756,20,1,226
0.556,27.48,2,0.4682,21,2,168
0.8391,29.92,0,0.1079,16,1,94
0.9903,29.99,2,0.7207,10,2,213
0.1416,27.53,2,0.9615,12,0,150
0.4482,14.5,1,0.7787,15,0,111
0.3926,48.58,0,0.6242,19,0,96
0.08,31.08,1,0.6108,5,0,67
0.7553,33.55,1,0.9779,20,0,156
0.4338,22.74,0,0.0731,19,2,54
0.4693,14.39,0,0.1496,2,0,60
0.1507,3.22,0,0.8308,6,0,63
0.1809,17.51,0,0.1451,5,0,33
0.9071,8.8,2,0.3833,13,0,183
0.0446,33.1,0,0.2815,5,0,41
0.2329,43.95,1,0.2434,7,0,74
0.2921,15.14,1,0.0257,4,1,56
0.4902,16.64,0,0.5663,1,0,82
0.5864,33.52,2,0.4012,11,0,166
0.4933,7.46,2,0.5516,7,2,156
0.0841,46.47,1,0.3045,12,0,81
0.2437,18.19,2,0.9415,5,0,162
0.8436,5.06,0,0.5913,6,0,103
0.6376,8.73,2,0.9612,21,1,190
0.6491,46.64,2,0.35,19,2,173
0.6702,12.36,1,0.0023,6,2,97
0.7629,33.11,2,0.7813,3,2,189
0.0581,7.81,2,0.8274,23,0,135
0.3666,9.71,1,0.0587,16,1,65
0.5395,43.96,0,0.6254,11,1,103
0.3385,7.4,0,0.661,16,2,80
0.8445,0.94,0,0.1457,5,1,82
0.4826,25.06,0,0.5525,10,2,80
0.7686,43.14,2,0.2432,9,2,181
0.852,16.3,0,0.0165,17,2,83
0.5048,6.41,2,0.8669,4,2,165
0.9096,49.11,0,0.4917,11,2,138
0.5871,33.84,1,0.7817,20,2,129
0.8503,42.53,1,0.7229,4,1,155
0.3406,37.61,0,0.9937,2,1,100
0.4988,34.91,0,0.438,19,1,75
0.5314,19.23,0,0.4276,20,2,79
0.105,16.22,0,0.2818,10,0,35
0.3986,35.85,2,0.6251,1,1,160
0.9173,35.84,1,0.4861,12,1,145
0.6308,47.53,2,0.7288,7,1,190
0.1775,28.43,2,0.3565,14,1,125
0.3389,14.73,1,0.1308,3,0,74
0.1916,24.48,2,0.8624,19,2,149
0.0248,30.69,0,0.828,16,0,65
0.9275,21.34,1,0.351,15,0,139
0.4482,39.56,1,0.6904,12,0,128
0.3075,29.23,1,0.4924,5,1,85
0.5985,0.47,2,0.761,22,0,165
0.0073,28.49,2,0.3901,6,2,116
0.278,31.68,1,0.5356,8,2,97
0.703,45.76,0,0.0578,22,1,89
0.6338,20.69,1,0.1749,0,2,97
0.9818,28.72,2,0.7818,3,0,217
0.6204,23.75,2,0.3816,18,0,170
0.4775,26.58,2,0.0351,8,1,126
0.7614,3.37,0,0.1676,13,2,79
0.9033,44.86,0,0.4116,13,1,130
0.7207,45.52,1,0.7179,19,2,148
0.9632,27.4,1,0.3635,14,1,128
0.782,27.83,1,0.7452,10,1,142
0.8668,2.88,2,0.8581,13,2,194
0.1141,29.9,1,0.3411,17,2,64
0.7324,21.46,1,0.8004,9,1,140
0.4401,35.45,2,0.1269,4,2,136
0.5531,2.36,1,0.4153,11,1,86
0.6541,35.54,1,0.0976,23,1,113
0.9698,14.34,0,0.0525,2,0,87
0.9846,32.59,1,0.0645,4,0,120
0.2882,31.36,1,0.1048,23,2,65
0.7338,11.34,0,0.8357,19,0,118
0.75,22.02,0,0.5437,2,1,103
0.3465,41.78,2,0.9474,5,2,170
0.1239,30.28,0,0.538,16,1,56
0.0409,3.44,0,0.6287,18,0,36
0.7773,22.15,0,0.1845,17,2,91
0.4897,15.59,0,0.5406,20,0,72
0.9855,32.08,1,0.3853,12,2,143
0.465,30.73,1,0.9314,21,0,131
0.9779,0.52,1,0.9339,14,1,157
0.4116,30.38,1,0.1985,11,1,87
0.7937,36.74,1,0.6201,15,1,148
0.0848,38.44,2,0.6382,10,1,143
0.5555,2.95,0,0.5625,14,1,69
0.8021,15.18,2,0.1243,20,2,159
0.9247,21.06,0,0.654,22,2,127
0.8226,8.99,2,0.7991,13,1,191
0.037,21.04,1,0.3452,0,2,61
0.3727,3.56,1,0.5146,14,2,88
0.0487,5.66,0,0.1163,6,1,25
0.1093,33.43,1,0.9307,5,1,102
0.6753,13.13,1,0.1095,21,0,92
0.7133,35.57,2,0.2084,10,1,158
0.7737,2.41,0,0.2985,18,0,85
0.8655,28.14,1,0.8258,8,0,160
0.7394,19.57,2,0.7007,14,2,187
0.8009,39.85,2,0.007,15,0,161
0.049,39.2,2,0.1836,21,1,111
0.2345,18.78,1,0.7502,4,2,92
0.6219,31.14,2,0.4038,13,1,167
0.8581,11.38,0,0.0262,9,2,80
0.0045,29.02,2,0.9639,11,2,145
0.5146,4.06,1,0.1512,20,1,88
0.6773,21.73,1,0.5105,3,2,115
0.0296,9.14,0,0.2483,13,2,20
0.4014,44.17,1,0.7375,9,1,119
0.8956,22.25,0,0.7767,21,2,130
0.6716,29.54,2,0.3972,5,0,168
0.2377,18.02,0,0.6584,5,0,61
0.8528,14.44,1,0.9091,2,1,154
0.348,10.15,0,0.8148,10,1,83
0.8533,45.59,1,0.4149,0,1,134
0.2989,39.97,1,0.4415,12,2,99
0.5903,6.66,0,0.8869,5,1,94
0.3969,37.34,2,0.0344,9,2,134
0.2748,20.93,2,0.0228,14,2,99
0.8866,0.77,1,0.2058,16,0,112
0.1876,26.42,0,0.8276,1,1,85
0.0848,6.5,2,0.1532,3,0,107
0.3419,10.5,2,0.2853,7,1,130
0.7176,34.8,1,0.6291,12,1,128
0.8074,12.86,1,0.1842,21,0,106
0.9987,44.59,0,0.3031,3,0,116
0.2964,32.86,1,0.4669,1,1,94
0.4079,41.61,0,0.2281,15,0,63
0.1368,30.76,1,0.9924,23,0,102
0.5749,43.44,2,0.1634,19,1,149
0.9976,18.08,1,0.8499,13,2,169
0.7009,27.46,1,0.4701,0,1,125
0.5952,25.79,2,0.1291,13,2,147
0.3924,45.19,2,0.1185,10,0,137
0.9153,8.25,0,0.5003,10,2,110
0.4969,28.9,0,0.3535,11,1,74
0.1344,37.72,0,0.2346,13,2,45
0.3654,18.5,2,0.9589,17,0,166
0.0672,43.38,1,0.4634,4,1,84
0.202,18.65,2,0.9288,1,1,150
0.0177,8.67,1,0.164,1,2,38
0.4533,29.2,2,0.1835,9,2,154
0.6345,21.03,2,0.596,12,2,178
0.3433,0.76,0,0.2699,18,2,44
0.4204,3.49,2,0.1849,10,2,120
0.9592,9.76,2,0.0947,12,0,166
0.752,38.47,0,0.0763,23,0,93
0.5409,44.6,1,0.7532,17,2,139
0.2845,27.28,2,0.2822,16,1,135
0.897,5.28,2,0.9784,8,2,204
0.2351,26.72,1,0.1831,3,2,70
0.3253,42.78,1,0.3544,22,1,99
0.9091,37.47,0,0.3749,13,0,115
0.5295,14.55,1,0.5002,1,2,104
0.7423,6.19,1,0.8706,11,0,128
0.5907,45.03,1,0.8348,2,0,144
0.6534,42.7,0,0.01,23,0,87
0.2994,2.69,2,0.4093,12,0,122
0.2414,41.18,1,0.8279,18,1,103
0.3225,4.86,0,0.0002,11,2,35
0.1554,3.16,1,0.5336,0,2,69
0.8743,37.93,1,0.2595,15,1,124
0.2832,26.82,0,0.4128,15,0,62
0.5615,20.73,1,0.4203,5,1,106
0.792,45.19,2,0.3918,17,2,184
0.7838,41.97,2,0.892,5,0,213
0.4384,2.88,0,0.5365,16,0,74
0.4763,30.8,1,0.9037,17,0,135
0.9947,38.61,1,0.7267,3,2,165
0.6746,27.52,2,0.3511,7,0,162
0.8146,49.15,2,0.4936,3,2,194
0.9026,34.3,1,0.3899,17,0,133
0.7876,5.21,0,0.8286,5,1,117
0.1852,9.91,1,0.1876,15,2,57
0.5622,41.31,0,0.9364,10,0,123
0.1019,49.84,2,0.5804,1,0,138
0.6529,4.92,2,0.6118,21,2,167
0.9553,5.02,2,0.5168,17,2,177
0.5127,38.17,1,0.5545,6,2,113
0.433,3.22,2,0.6677,21,0,141
0.0358,3.43,1,0.655,17,2,66
0.9598,44.44,1,0.2141,19,0,148
0.103,40.02,2,0.5824,4,1,132
0.0411,44.08,0,0.3546,0,2,45
0.2461,32.53,2,0.637,1,2,153
0.0655,16.13,2,0.5478,12,0,112
0.4551,45.32,1,0.1797,18,1,95
0.5161,14.94,0,0.7347,21,0,81
0.3126,13.78,2,0.457,23,1,130
0.051,44.32,0,0.5514,14,2,66
0.1116,34.04,2,0.6726,15,0,147
0.3845,44.78,2,0.6529,6,0,162
0.0605,7.8,1,0.7489,0,0,86
0.6982,47.61,1,0.2068,4,0,112
0.207,30.64,0,0.1104,1,1,51
0.3021,33.4,1,0.6692,16,2,107
0.3941,45.7,0,0.236,12,0,75
0.4166,19.04,2,0.1146,18,1,133
0.0017,35.98,1,0.1312,3,2,52
0.1121,32.02,0,0.3128,21,1,39
0.8628,39.39,2,0.9918,17,0,212
0.0012,44.85,0,0.1573,21,0,38
0.5082,34.0,1,0.2985,15,0,102
0.4895,3.38,0,0.9207,8,0,93
0.3331,9.16,0,0.9633,15,0,91
0.4313,47.7,0,0.2288,14,1,74
0.7806,48.43,0,0.8805,4,1,135
0.8412,48.37,2,0.1389,2,2,179
0.2603,1.84,2,0.7615,15,2,140
0.3225,19.12,2,0.013,2,0,131
0.2425,37.98,2,0.4066,2,1,138
0.4799,37.64,1,0.2473,1,2,100
0.6833,4.3,1,0.704,14,0,128
0.2283,30.47,0,0.0161,22,2,46
0.3307,7.14,2,0.4649,11,0,146
0.9304,24.66,1,0.6967,3,1,152
0.0486,11.98,1,0.0467,12,2,42
0.4608,2.66,0,0.8974,11,1,83
0.7116,4.0,1,0.3612,14,1,108
0.1505,45.54,2,0.1653,10,1,127
0.0474,37.23,1,0.2255,12,1,64
0.1382,46.59,1,0.3389,7,2,85
0.9188,23.5,2,0.1984,21,2,166
0.0093,20.66,0,0.5106,12,0,45
0.1883,17.92,2,0.6329,7,1,133
0.0313,30.82,2,0.4334,0,2,105
0.1106,17.58,1,0.427,16,1,64
0.6201,37.31,2,0.7817,9,1,192
0.2416,40.07,0,0.301,5,2,64
0.5692,43.79,0,0.6228,11,2,111
0.5902,12.14,0,0.8929,11,0,109
0.8494,26.35,1,0.2215,19,2,127
0.0047,11.17,2,0.6199,13,2,122
0.8534,1.88,1,0.948,16,0,143
0.6191,35.39,2,0.5298,15,2,174
0.1627,27.45,0,0.9769,20,1,82
0.7729,36.2,2,0.31,0,0,186
0.8555,4.38,0,0.5643,9,1,105
0.2543,49.78,1,0.311,17,1,96
0.9188,49.72,2,0.0037,3,1,181
0.4545,23.25,2,0.9973,10,0,179
0.6034,43.3,2,0.2401,9,2,160
0.9846,12.18,1,0.9731,19,1,154
0.3615,36.88,1,0.653,23,0,109
0.8132,43.96,1,0.9039,2,1,167
0.3184,40.73,1,0.9672,5,1,124
0.7992,40.59,2,0.5678,18,0,191
0.6007,23.15,1,0.9997,4,2,142
0.2164,41.0,1,0.7673,11,1,102
0.414,34.54,1,0.5238,22,2,101
0.3176,6.62,0,0.6549,23,2,69
0.0781,5.71,0,0.1943,22,0,25
0.0298,38.6,1,0.011,3,0,47
0.3465,31.27,1,0.2568,3,2,88
0.019,25.97,1,0.435,4,1,67
0.1655,45.36,2,0.2281,18,0,123
0.7252,32.98,2,0.514,4,0,181
0.7081,19.81,2,0.6579,10,1,183
0.7386,20.7,1,0.6558,19,1,131
0.3172,30.26,2,0.8938,11,0,161
0.89,38.01,2,0.9663,22,0,217
0.5938,28.22,0,0.8907,11,1,109
0.126,25.44,1,0.6202,9,1,84
0.1437,36.35,1,0.2058,23,0,72
0.6931,35.26,2,0.9435,13,0,212
0.1729,41.52,1,0.1749,4,0,74
0.5073,3.13,0,0.1514,15,1,51
0.9918,37.75,0,0.3176,18,0,123
0.004,25.69,0,0.5736,20,0,49
0.0166,3.73,0,0.6815,0,2,47
0.9931,33.95,0,0.0133,2,2,100
0.5846,35.83,2,0.778,15,1,191
0.1269,26.18,1,0.175,17,0,72
0.8973,39.69,2,0.2965,15,2,186
0.8804,15.01,2,0.3221,9,2,173
0.5362,10.1,1,0.3324,18,2,93
0.6218,17.54,1,0.7604,13,0,124
0.2732,20.5,0,0.0409,22,1,36
0.0505,34.8,2,0.1965,8,2,116
0.5946,42.28,1,0.0223,18,0,89
0.2948,36.05,2,0.7783,3,0,157
0.6636,8.7,0,0.9837,17,0,119
0.8362,18.31,0,0.6595,17,1,115
0.0182,7.92,0,0.5901,6,1,32
0.5957,34.34,2,0.9081,1,0,200
0.2313,12.41,1,0.255,23,2,68
0.8739,26.27,0,0.0665,1,1,92
0.2537,39.59,0,0.51,11,0,73
0.6108,33.55,1,0.2603,0,2,106
0.5535,14.92,2,0.4511,10,2,145
0.3962,16.64,2,0.4563,19,0,147
0.6776,32.67,1,0.3188,12,2,128
0.7258,27.47,2,0.4863,5,0,180
0.5669,4.82,0,0.3802,9,2,76
0.7584,43.7,2,0.1131,2,1,167
0.9834,25.63,0,0.8667,14,0,141
0.4193,23.67,1,0.7013,0,0,111
0.5146,9.92,2,0.0413,8,2,136
0.0125,18.85,2,0.1158,1,1,100
0.796,16.64,0,0.0965,5,1,83
0.5202,13.54,1,0.0617,1,2,85
0.408,28.37,0,0.0591,22,1,59
0.0941,23.11,0,0.1571,18,0,33
0.8897,44.46,1,0.8479,22,2,167
0.395,47.07,1,0.8282,16,1,116
0.6826,10.97,0,0.7831,11,0,105
0.1494,5.01,2,0.6147,4,2,120
0.9615,39.27,1,0.7235,23,2,164
0.1784,49.74,1,0.7385,22,0,109
0.1995,43.18,1,0.8893,9,1,106
0.859,1.18,1,0.7323,5,2,131
0.9126,12.56,0,0.7365,9,2,118
0.2121,2.17,1,0.8041,9,0,87
0.4698,41.04,2,0.5564,22,2,164
0.7335,29.07,1,0.213,1,0,111
0.8784,25.69,1,0.0845,15,1,118
0.3791,27.72,2,0.419,18,1,142
0.517,12.62,1,0.0917,18,0,86
0.7417,30.08,0,0.1693,4,2,84
0.7311,1.53,0,0.0238,9,0,64
0.783,32.3,2,0.3002,8,2,175
0.5699,36.72,1,0.97,9,2,145
0.1046,33.65,1,0.3789,2,1,78
0.904,16.61,0,0.2409,1,1,108
0.8656,41.31,0,0.4034,0,0,120
0.7981,35.78,1,0.3013,23,2,126
0.0999,6.41,2,0.6739,10,2,130
0.2044,9.76,0,0.6345,5,1,54
0.7436,31.86,1,0.0273,19,0,104
0.0231,14.47,2,0.5113,11,1,118
0.9792,5.97,0,0.0362,8,2,81
0.3771,7.75,0,0.6774,2,2,77
0.7193,8.28,0,0.9358,9,0,111
0.8876,23.89,2,0.9075,15,2,213
0.3946,30.37,1,0.2057,14,0,89
0.3191,8.82,2,0.7426,9,1,149
0.6087,35.62,2,0.7931,14,1,181
0.581,14.05,1,0.8644,18,0,128
0.4091,15.58,0,0.2596,22,0,67
0.6018,11.17,0,0.4508,12,2,90
0.9354,39.26,1,0.2215,5,1,137
0.4676,47.99,1,0.0243,3,2,91
0.1967,24.62,0,0.659,3,1,67
0.3772,2.1,2,0.4315,0,1,128
0.3941,13.03,0,0.2481,13,0,52
0.1311,7.9,1,0.8471,5,1,82
0.1629,42.14,2,0.4957,5,2,134
0.6846,4.24,1,0.9947,17,0,130
0.3395,48.32,2,0.7934,7,1,177
0.9549,29.43,0,0.8692,19,1,136
0.2436,25.89,2,0.7733,3,2,149
0.0989,42.37,2,0.1059,8,0,108
0.7535,1.38,2,0.065,1,0,150
0.881,38.86,0,0.9151,12,0,142
0.2781,5.83,0,0.1382,2,0,36
0.2021,42.04,0,0.3912,5,2,68
0.1858,26.46,2,0.6099,17,0,131
0.522,3.06,0,0.2119,21,1,60
0.4684,41.66,1,0.2253,13,0,99
0.2594,1.37,1,0.4662,23,2,73
0.0452,6.92,2,0.3609,18,1,107
0.4815,39.89,2,0.6766,18,1,174
0.9593,23.24,0,0.0751,23,2,97
0.6525,44.07,2,0.4888,2,0,179
0.4955,31.77,0,0.1743,5,2,75
0.1107,31.18,0,0.6067,10,1,65
0.2524,14.61,0,0.1162,14,1,42
0.2948,6.68,1,0.1976,23,0,72
0.7648,48.06,1,0.8039,2,0,162
0.8767,5.24,2,0.2352,5,2,170
0.9016,26.45,2,0.7371,7,2,202
0.9846,13.63,1,0.2731,16,2,125
0.9824,13.21,1,0.235,22,0,133
0.953,29.73,0,0.2992,22,2,106
0.0718,39.9,2,0.8809,17,0,147
0.1378,38.86,1,0.3972,18,2,76
0.3045,43.44,2,0.2438,9,1,143
0.5529,14.65,1,0.5366,14,2,114
0.097,23.29,2,0.3856,4,0,118
0.8458,0.47,2,0.7902,12,2,178
0.6168,37.34,2,0.9904,7,1,183
0.5424,15.12,1,0.5266,22,1,106
0.1653,28.07,0,0.4517,8,1,53
0.2533,8.47,0,0.343,9,2,43
0.1603,40.97,1,0.9733,9,1,116
0.8519,40.86,2,0.4833,21,1,186
0.5842,43.87,2,0.178,22,1,160
0.7351,2.3,0,0.9692,10,0,108
0.296,49.62,1,0.9609,23,2,129
0.3713,12.39,2,0.4357,18,2,130
0.4049,15.47,0,0.3482,20,1,70
0.76,12.47,1,0.6804,21,2,137
0.7724,13.38,2,0.8289,7,0,191
0.2068,27.63,0,0.4985,13,0,61
0.9415,11.99,0,0.3308,6,2,110
0.1207,19.69,1,0.3014,7,2,66
0.8961,32.78,2,0.3266,11,2,190
0.1004,41.8,0,0.118,1,0,42
0.2645,34.64,2,0.7786,5,1,155
0.8465,29.72,0,0.105,19,2,97
0.1795,7.39,1,0.3983,3,0,76
0.4136,40.81,1,0.8349,14,2,126
0.4499,1.86,0,0.4041,18,2,53
0.2453,13.21,2,0.2948,6,0,124
0.7102,2.85,2,0.9483,10,1,186
0.8513,33.37,2,0.1265,21,2,174
0.8746,18.42,0,0.8849,20,2,131
0.3393,32.6,1,0.0621,22,2,78
0.5309,17.35,2,0.4135,15,2,156
0.2484,22.79,0,0.6317,21,2,66
0.2448,22.9,1,0.37,9,2,70
0.1613,2.28,1,0.5346,14,2,71
0.94,21.51,1,0.204,16,0,122
0.888,32.05,1,0.569,23,1,137
0.7774,27.3,2,0.1346,8,1,164
0.5177,3.76,0,0.7961,20,1,85
0.4906,33.4,2,0.5838,12,0,173
0.5297,15.44,2,0.4819,2,2,151
0.5366,0.72,0,0.0547,15,2,53
0.4346,7.78,2,0.4998,23,1,138
0.1318,24.88,0,0.5636,10,2,46
0.1257,15.52,0,0.2657,13,0,36
0.9522,34.72,1,0.6776,22,2,150
0.482,12.03,2,0.0768,22,0,136
0.9532,38.64,2,0.2087,9,2,189
0.1636,14.32,1,0.7375,18,1,93
0.5544,31.04,2,0.1472,15,1,151
0.2077,39.96,0,0.2455,15,2,48
0.2532,19.28,2,0.6509,17,0,142
0.0301,2.34,1,0.7288,7,2,70
0.119,26.77,0,0.0515,7,1,35
0.9168,49.77,0,0.1266,0,2,108
0.3215,48.45,0,0.4461,20,1,78
0.6081,11.05,0,0.5928,6,0,87
0.465,37.78,0,0.4538,16,1,89
0.4005,17.25,2,0.6471,16,1,144
0.5319,8.01,0,0.756,16,2,93
0.1872,33.3,1,0.9495,20,1,111
0.9886,25.04,2,0.3499,20,1,183
0.8183,26.96,0,0.1631,0,0,92
0.7416,41.37,2,0.2641,20,0,179
0.4688,16.83,1,0.1482,4,1,80
0.1529,33.35,0,0.3942,15,1,46
0.9207,18.31,2,0.8726,16,1,201
0.3414,2.14,1,0.3471,1,0,71
0.0501,18.9,1,0.1488,6,2,53
0.3424,47.5,2,0.5226,21,2,158
0.7945,24.16,2,0.9919,3,0,208
0.6227,5.41,2,0.1882,5,0,152
0.7508,34.39,2,0.7779,1,2,194
0.7936,48.17,0,0.8234,4,2,125
0.212,45.4,1,0.4013,15,2,96
0.9238,28.6,0,0.6196,20,1,120
0.438,18.81,2,0.4324,14,2,140
0.639,29.03,2,0.2623,6,2,157
0.0023,40.8,1,0.4261,20,0,73
0.9934,43.06,1,0.0953,8,1,131
0.2809,40.94,2,0.707,7,0,166
0.0621,22.77,0,0.8292,12,2,53
0.4583,5.94,1,0.3074,3,2,89
0.129,28.46,2,0.5665,8,0,132
0.1523,7.82,0,0.2321,19,0,35
0.6323,3.05,2,0.1275,14,0,142
0.3929,24.93,0,0.6636,23,0,81
0.9219,32.77,2,0.1341,18,0,178
0.3192,42.71,1,0.782,8,2,117
0.7262,39.14,2,0.2718,18,1,171
0.4611,42.86,2,0.8185,20,2,169
0.66,38.0,1,0.3685,15,1,124
0.5997,35.16,2,0.3688,18,2,168
0.4728,0.51,1,0.7506,12,2,103
0.9501,31.31,1,0.5103,21,0,150
0.3427,6.02,2,0.201,5,0,120
0.1772,2.93,0,0.8504,10,1,59
0.6781,7.82,1,0.3402,6,1,106
0.846,41.16,0,0.1028,2,2,98
0.0403,37.19,1,0.416,14,0,74
0.4496,47.44,2,0.574,2,0,163
0.8925,48.95,0,0.6099,5,1,133
0.7496,44.66,1,0.8356,18,0,150
0.9918,6.65,1,0.5414,5,2,135
0.5314,43.92,2,0.2237,20,0,157
0.66,41.93,0,0.2617,1,2,91
0.3025,43.55,0,0.1008,10,1,55
0.9475,7.58,0,0.7359,1,2,123
0.3663,5.84,1,0.1059,1,0,70
0.7385,46.19,1,0.6058,18,2,142
0.4031,8.69,2,0.5969,1,2,139
0.5618,18.43,1,0.7855,21,1,125
0.7198,22.8,0,0.0746,14,0,83
0.5089,6.22,2,0.2029,11,0,134
0.9071,1.03,0,0.9096,22,0,119
0.4193,49.7,1,0.5722,9,1,125
0.6471,43.83,1,0.4577,9,2,126
0.3424,45.62,0,0.7477,9,1,89
0.4082,14.23,1,0.9025,15,2,121
0.4401,11.01,1,0.263,20,2,84
0.1258,21.29,2,0.9015,13,2,142
0.0917,22.67,0,0.1087,6,2,31
0.6675,0.28,2,0.9777,21,2,185
0.6555,38.96,1,0.1649,14,2,121
0.6629,49.83,2,0.2662,19,0,175
0.0198,26.43,0,0.0966,10,1,31
0.3265,19.41,0,0.8037,4,1,85
0.1978,19.64,2,0.9842,22,2,148
0.7782,4.8,1,0.297,16,0,104
0.8606,13.31,0,0.3256,7,2,105
0.2467,25.11,2,0.279,20,1,127
0.6678,21.59,0,0.1548,0,2,71
0.1294,27.25,1,0.7874,22,2,89
0.2752,42.45,2,0.0607,13,1,121
0.1387,11.26,2,0.9678,14,2,142
0.2835,1.38,2,0.9273,0,0,146
0.6747,1.91,1,0.1184,4,0,91
0.9103,6.71,0,0.5295,17,1,118
0.2025,28.52,0,0.9929,13,1,85
0.5421,40.41,2,0.8526,3,0,189
0.7014,44.34,1,0.7151,15,2,144
0.9529,31.76,0,0.0225,17,0,104
0.6101,20.16,2,0.0684,6,1,146
0.2551,7.73,2,0.794,16,0,140
0.6255,20.07,0,0.3764,23,0,80
0.3205,16.62,2,0.6684,11,0,152
0.9761,43.5,1,0.7392,5,1,161
0.3997,24.34,1,0.4222,23,2,100
0.6854,11.31,2,0.1434,21,0,151
0.0232,14.44,0,0.3867,10,2,25
0.4001,6.82,0,0.871,10,1,86
0.8751,45.93,2,0.3311,20,2,190
0.6102,2.52,1,0.0626,0,1,80
0.4439,0.64,0,0.9591,7,1,94
0.9359,9.15,2,0.6807,13,1,197
0.854,40.54,0,0.5409,15,2,115
0.3222,26.17,2,0.8291,15,1,166
0.5445,31.29,0,0.4112,8,2,87
0.4898,17.89,1,0.9851,20,1,128
0.6322,3.43,1,0.8576,15,0,125
0.3341,42.81,2,0.2805,12,0,141
0.2442,9.59,1,0.371,22,1,73
0.9127,1.65,2,0.2757,2,0,166
0.9239,28.64,0,0.6593,17,0,127
0.8433,4.16,1,0.6393,22,1,128
0.9782,4.79,2,0.5225,15,0,186
0.745,40.02,0,0.9658,13,2,130
0.7647,24.58,2,0.4723,8,2,170
0.7626,12.08,2,0.7837,6,2,189
0.4806,17.43,2,0.6581,13,1,158
0.4565,36.46,0,0.5182,21,0,86
0.2402,3.32,2,0.0421,11,2,93
0.6448,5.82,2,0.6575,2,1,173
0.2893,30.81,0,0.6426,11,1,77
0.2578,30.35,1,0.1249,2,1,82
0.586,48.62,0,0.7959,22,0,118
0.41,18.73,1,0.467,12,1,97
0.2189,3.25,0,0.3241,5,1,41
0.8161,26.88,1,0.824,14,2,153
0.8606,31.92,1,0.3434,12,1,124
0.1677,6.98,1,0.6219,12,2,76
0.0075,27.64,2,0.6179,14,2,122
0.3361,9.89,2,0.0528,22,0,119
0.7975,42.24,0,0.4228,20,0,115
0.8392,41.76,0,0.2228,6,1,101
0.1383,21.48,0,0.1996,5,2,39
0.7743,48.34,2,0.655,23,1,196
0.1157,48.99,0,0.0114,15,0,42
0.3901,6.46,0,0.9691,0,1,89
0.9986,18.39,0,0.3954,12,2,121
0.1926,30.02,2,0.2988,2,0,127
0.154,4.24,1,0.92,0,1,97
0.4228,19.13,2,0.4867,4,1,152
0.6197,13.06,0,0.6143,6,1,89
0.9329,47.6,1,0.6959,1,0,168
0.9808,20.58,1,0.8714,20,2,166
0.0696,38.13,0,0.1297,10,2,42
0.138,19.34,2,0.0817,13,1,97
0.7907,6.59,2,0.9937,20,1,196
0.2706,43.16,0,0.0089,20,1,53
0.8848,0.02,2,0.7082,19,0,186
0.6635,2.8,1,0.6111,4,0,109
0.1118,18.22,1,0.5526,17,2,71
0.8325,34.34,2,0.7858,23,0,198
0.1764,17.09,1,0.9925,0,2,101
0.4235,3.32,0,0.0469,20,1,41
0.5522,15.89,2,0.6145,20,1,159
0.5008,12.25,2,0.7168,20,0,159
0.6862,0.27,0,0.3059,9,2,78
0.6527,26.74,2,0.8929,4,1,189
0.992,5.83,1,0.457,17,2,139
0.9994,14.37,0,0.1645,14,2,99
0.5165,32.06,1,0.8544,17,0,134
0.0952,36.26,2,0.9429,6,2,149
0.7278,13.17,0,0.0995,4,1,81
0.9767,16.46,2,0.7517,21,0,206
0.3183,12.35,2,0.215,12,1,123
0.4612,47.84,2,0.0067,20,1,137
0.4248,9.53,0,0.2606,22,1,56
0.0514,9.16,0,0.8549,11,0,60
0.6723,22.25,2,0.1412,6,2,155
0.3533,9.47,1,0.1307,21,0,66
0.7875,7.84,1,0.739,17,1,133
0.8321,4.79,1,0.4064,15,2,122
0.8212,32.01,1,0.1485,22,0,124
0.4167,30.6,1,0.23,5,1,89
0.3215,32.51,1,0.7946,8,1,107
0.7488,38.67,1,0.6233,0,2,137
0.8014,16.32,1,0.7609,9,2,133
0.4913,45.92,1,0.0978,10,2,98
0.893,36.66,2,0.4581,10,1,197
0.1439,40.24,1,0.7971,3,1,105
0.8791,36.05,2,0.2658,19,0,181
0.0961,17.92,1,0.1692,11,2,51
0.1535,14.15,2,0.3818,10,0,115
0.5338,21.13,1,0.3334,20,1,106
0.0675,4.85,1,0.1855,11,2,40
0.0528,22.56,0,0.9539,21,2,77
0.0005,2.16,0,0.4831,5,0,34
0.4363,0.2,2,0.6081,20,2,152
0.7746,46.57,0,0.1211,23,1,103
0.0348,34.47,0,0.61,18,1,58
0.6523,28.09,2,0.5553,21,0,177
0.8231,17.06,2,0.9319,17,2,199
0.168,28.53,1,0.4123,14,1,70
0.1469,44.58,1,0.7821,18,0,102
0.8608,32.62,1,0.3042,23,0,133
0.8231,30.12,2,0.5789,14,2,185
0.5389,23.01,1,0.927,16,0,134
0.8192,17.28,0,0.6251,1,1,105
0.0928,34.93,1,0.7112,23,2,85
0.3945,49.05,0,0.876,18,2,98
0.7378,21.24,2,0.9254,3,0,197
0.2575,19.61,0,0.2083,6,0,38
0.7523,21.41,1,0.1958,5,0,117
0.5042,21.28,0,0.5505,7,2,84
0.7503,49.53,2,0.9955,21,1,222
0.4647,35.34,1,0.4902,11,2,113
0.3679,17.96,0,0.3309,10,0,51
0.2192,18.58,2,0.5373,18,2,133
0.2084,21.54,1,0.0644,8,0,57
0.7515,1.84,1,0.1772,21,0,111
0.1189,26.39,0,0.1489,18,1,34
0.086,40.57,0,0.0279,6,1,29
0.1763,33.03,2,0.7222,15,1,138
0.1753,9.92,1,0.3255,11,0,66
0.8231,36.4,1,0.1685,8,1,121
0.3985,35.97,2,0.5122,21,1,162
0.9904,13.13,1,0.3234,9,2,129
0.1372,31.14,1,0.393,2,2,75
0.6535,30.55,2,0.3155,9,1,169
0.4487,41.99,0,0.004,12,2,60
0.3929,6.8,1,0.6883,3,1,94
0.8751,9.74,2,0.1107,17,1,161
0.9756,24.3,0,0.2191,5,2,98
0.8729,2.21,0,0.1903,2,1,94
0.1923,20.78,1,0.3314,12,1,77
0.2208,39.41,0,0.1602,3,1,47
0.6561,7.44,0,0.347,18,2,81
0.2891,23.0,0,0.2433,1,2,49
0.7347,49.49,2,0.0612,10,1,167
0.5664,25.3,0,0.8706,1,0,99
0.5509,24.92,2,0.3056,9,1,156
0.8285,27.94,1,0.0953,22,1,120
0.7105,9.3,2,0.5215,15,2,178
0.0266,7.36,0,0.1233,12,2,18
0.0495,33.87,2,0.7731,3,0,147
0.6016,19.79,1,0.0616,7,2,89
0.4862,14.5,2,0.4646,9,2,151
0.2602,1.57,2,0.9438,13,2,144
0.4187,42.3,1,0.159,4,1,97
0.7579,1.62,2,0.2014,23,0,150
0.8266,37.5,0,0.6005,15,1,117
0.5612,19.1,1,0.9799,7,2,130
0.3854,29.93,1,0.3858,2,1,96
0.2707,12.38,2,0.6486,14,2,141
0.5219,7.77,2,0.1523,10,0,130
0.3147,26.67,2,0.6414,16,2,141
0.5641,34.78,2,0.2527,14,0,157
0.6767,9.77,2,0.6133,15,2,176
0.0661,21.82,2,0.0887,20,2,100
0.0011,22.23,1,0.525,12,2,68
0.2123,10.8,0,0.2374,17,1,38
0.8945,28.25,2,0.6817,8,1,206
0.6463,7.3,0,0.7477,22,2,104
0.172,25.49,0,0.8481,9,0,76
0.8903,5.67,2,0.9924,16,0,201
0.47,24.28,0,0.4594,23,0,76
0.4761,15.58,0,0.6706,8,0,78
0.9355,22.61,1,0.0184,2,1,123
0.0595,21.69,1,0.9051,5,1,89
0.2152,45.4,0,0.6157,5,1,67
0.5858,24.5,1,0.4213,1,0,112
0.1955,40.92,0,0.4343,13,1,53
0.6795,11.28,0,0.758,6,1,102
0.2141,17.6,0,0.8335,2,0,71
0.0992,3.75,2,0.8079,3,2,124
0.207,21.04,1,0.5106,6,2,82
0.4227,33.43,2,0.3711,8,2,139
0.1761,41.91,0,0.9455,23,0,89
0.1347,28.3,2,0.6342,16,1,136
0.8603,32.0,2,0.5437,17,2,196
0.3204,8.86,1,0.5983,16,1,83
0.3608,1.86,2,0.6299,19,0,138
0.0553,39.58,1,0.7131,7,1,92
0.3574,8.35,1,0.5532,2,0,95
0.2648,4.56,2,0.8754,12,1,139
0.6105,46.88,1,0.8597,0,1,155
0.2054,48.18,1,0.4423,5,2,89
0.8884,30.81,2,0.1685,18,2,173
0.9297,18.93,1,0.5767,12,1,139
0.0998,41.66,0,0.6207,16,1,68
0.1074,10.24,2,0.5234,12,0,122
0.1153,21.47,2,0.8906,13,2,144
0.6196,17.85,0,0.093,7,0,64
0.122,45.63,2,0.2874,5,2,125
0.8524,45.99,0,0.8658,6,2,138
0.7543,32.54,0,0.9394,19,2,136
0.8198,5.54,2,0.4259,23,2,159
0.5261,24.11,1,0.1926,1,0,97
0.9967,12.27,1,0.4203,12,2,144
0.0442,44.25,1,0.4562,11,1,77
0.4013,6.92,0,0.5196,13,1,71
0.3239,2.72,2,0.2744,5,2,127
0.9486,35.22,0,0.3126,0,1,115
0.5769,22.66,2,0.6556,4,1,171
0.8062,41.92,2,0.6218,4,0,195
0.1703,3.73,0,0.6621,1,0,51
0.9786,40.05,1,0.3773,8,2,149
0.4986,1.87,0,0.3365,16,1,59
0.4937,1.4,1,0.3515,23,0,94
0.9709,23.07,1,0.9512,15,2,165
0.3807,11.06,0,0.3952,4,2,62
0.3975,29.69,2,0.6061,8,0,160
0.5848,1.29,2,0.5228,7,0,151
0.1281,1.77,0,0.8762,5,0,60
0.3211,36.36,2,0.3691,23,0,139
0.1932,10.51,2,0.4341,15,2,115
0.1033,32.82,1,0.8428,11,0,97
0.8661,37.5,2,0.161,10,2,175
0.5893,2.97,0,0.5943,7,1,83
0.3587,38.49,2,0.3999,10,0,145
0.4087,13.42,2,0.9858,15,2,159
0.4315,19.48,1,0.7214,22,0,111
0.6331,4.33,2,0.0106,11,2,133
0.9268,41.93,2,0.8395,4,0,217
0.9328,28.04,2,0.7032,22,1,207
0.3915,25.23,1,0.561,7,0,101
0.3293,48.43,2,0.2361,1,1,143
0.451,16.73,1,0.1493,13,2,82
0.5679,44.54,1,0.6284,18,2,119
0.4618,35.98,0,0.4399,6,0,90
0.6588,46.43,0,0.8616,6,0,123
0.5544,45.39,2,0.2624,6,0,161
0.3207,49.55,1,0.6375,19,2,115
0.3457,6.58,1,0.2488,22,1,79
0.3786,39.8,2,0.6363,20,2,153
0.0946,40.22,0,0.0483,5,1,34
0.1661,32.22,0,0.3917,20,1,54
0.7231,13.94,0,0.1727,7,0,74
0.3891,48.26,0,0.6059,20,0,97
0.2145,10.22,1,0.3167,23,2,67
0.5627,24.98,2,0.7715,17,0,173
0.7555,26.07,0,0.1146,22,1,76
0.2574,8.09,1,0.5562,3,1,85
0.8268,36.13,0,0.5937,15,1,110
0.9275,4.44,2,0.0221,1,2,163
0.5974,34.65,1,0.036,15,2,88
0.6689,42.43,0,0.3082,8,1,99
0.0526,17.47,1,0.6091,23,2,67
0.9455,35.47,1,0.9626,11,1,172
0.3925,7.84,2,0.0908,18,0,115
0.9239,42.3,0,0.7032,7,1,128
0.579,47.6,2,0.6927,1,2,184
0.0046,7.63,2,0.6695,17,2,108
0.0385,34.59,0,0.5161,5,1,55
0.6804,25.29,2,0.9668,17,0,192
0.5627,26.57,2,0.5018,11,2,172
0.0265,35.32,1,0.8383,23,0,91
0.7435,24.44,0,0.2625,8,2,91
0.8521,30.02,1,0.8063,9,2,160
0.4964,11.55,1,0.9965,17,2,125
0.4658,18.93,0,0.9101,18,0,97
0.0055,43.26,1,0.3041,3,1,70
0.7866,5.5,2,0.8462,17,0,184
0.3307,29.88,1,0.0953,11,0,84
0.8788,9.21,2,0.6777,23,1,186
0.3731,42.33,0,0.3421,15,2,75
0.5651,28.95,2,0.6587,18,0,175
0.2703,20.15,1,0.4122,8,0,84
0.1606,12.49,0,0.009,6,2,25
0.7749,21.84,2,0.2313,18,2,169
0.4966,47.88,1,0.0424,0,2,94
0.5365,25.46,1,0.4273,13,2,104
0.9654,23.47,0,0.8401,23,2,134
0.9636,37.31,2,0.738,23,2,220
0.8556,18.95,0,0.7889,17,2,121
0.1876,21.37,0,0.8072,11,2,75
0.5943,16.85,0,0.3719,19,0,78
0.8781,7.55,1,0.506,0,1,121
0.3745,35.69,0,0.5085,19,1,80
0.1011,43.65,2,0.1132,4,1,118
0.811,45.28,0,0.5981,17,2,125
0.4818,44.04,2,0.7202,8,0,164
0.5644,22.59,2,0.611,18,0,164
0.9821,14.2,2,0.746,14,1,193
0.6072,31.9,0,0.1189,22,2,83
0.425,47.74,0,0.7614,18,2,100
0.37,36.35,2,0.2081,21,0,135
0.4176,24.74,1,0.8768,3,1,124
0.1184,34.44,2,0.2449,9,1,115
0.7948,38.63,0,0.492,10,1,106
0.8377,45.96,1,0.4873,0,2,151
0.2844,38.16,0,0.2689,0,1,57
0.3038,21.66,1,0.3617,0,2,90
0.8743,13.68,0,0.1856,18,2,90
0.024,24.99,2,0.5701,10,1,118
0.5205,16.41,1,0.913,18,1,123
0.4637,47.14,0,0.3166,20,1,80
0.6901,25.4,1,0.5081,0,2,126
0.1634,23.6,1,0.8619,20,0,109
0.6683,17.41,2,0.4525,5,2,150
0.3767,31.97,1,0.8313,9,1,116
0.6187,26.0,1,0.4464,23,0,119
0.0401,6.45,2,0.4402,7,2,117
0.4617,43.46,1,0.1572,22,0,105
0.5223,17.95,2,0.125,12,1,136
0.2143,21.63,2,0.6115,0,2,147
0.1396,10.28,2,0.8273,19,2,129
0.1885,27.67,2,0.1354,1,2,111
0.3441,35.1,2,0.9101,15,0,170
0.0968,44.06,1,0.3589,11,2,85
0.9473,2.58,1,0.4253,3,1,133
0.405,48.67,0,0.8945,12,0,114
0.809,35.19,2,0.8963,8,2,202
0.9744,14.21,2,0.5249,2,0,181
0.0807,10.22,2,0.2768,13,0,110
0.6517,14.8,2,0.1719,1,0,145
0.8714,43.79,1,0.2716,12,1,128
0.6342,14.57,0,0.7806,5,2,104
0.429,23.14,2,0.3246,19,1,143
0.4311,35.29,2,0.6946,22,2,167
0.0359,43.6,2,0.1952,22,2,109
0.5346,32.93,1,0.4785,22,2,109
0.9935,37.66,1,0.3521,2,0,150
0.9587,8.67,0,0.5036,12,0,112
0.0404,43.87,0,0.5699,5,0,56
0.7058,13.79,2,0.9909,2,1,191
0.3018,6.42,0,0.8999,9,2,76
0.903,48.81,0,0.6959,10,0,135
0.0451,10.08,2,0.1537,7,1,86
0.9359,6.83,1,0.919,2,0,159
0.8375,31.3,0,0.8926,9,1,130
0.1175,15.94,1,0.8867,3,2,85
0.0598,6.67,1,0.479,0,1,54
0.8347,30.06,0,0.1707,10,0,101
0.1558,37.95,1,0.7544,1,1,106
0.5349,39.66,1,0.3885,23,2,111
0.9157,7.78,2,0.3446,20,2,173
0.5674,27.84,0,0.3908,22,1,80
0.3972,40.68,2,0.5591,2,2,162
0.445,8.05,0,0.3335,11,1,62
0.0631,10.38,2,0.6899,19,2,127
0.9688,0.12,2,0.6477,13,2,178
0.3107,26.23,1,0.5089,7,2,95
0.1894,9.73,0,0.054,19,2,33
0.286,36.21,0,0.9365,7,1,93
0.9644,48.11,1,0.4117,23,2,149
0.0943,10.44,2,0.4495,2,1,121
0.8673,32.45,2,0.456,16,1,185
0.7078,10.59,0,0.365,0,1,86
0.83,0.9,0,0.6746,21,0,108
0.9759,37.93,1,0.0139,8,2,120
0.8422,21.7,1,0.8735,0,1,146
0.9434,47.34,2,0.1024,20,1,181
0.1269,26.71,2,0.9997,23,2,148
0.7958,7.87,1,0.6281,22,0,130
0.5457,22.49,1,0.0662,11,0,82
0.5435,10.14,1,0.5624,1,2,98
0.8989,43.9,1,0.3313,5,1,140
0.9718,34.55,2,0.953,0,1,229
0.7048,17.06,0,0.7555,1,1,102
0.4829,26.39,2,0.507,3,2,150
0.4564,33.47,2,0.4298,13,1,159
0.3863,39.14,1,0.9959,18,1,128
0.3616,4.01,1,0.6674,14,0,94
0.3915,1.13,1,0.5139,4,1,92
0.0898,5.72,2,0.3979,14,1,110
0.0774,19.75,0,0.3246,5,2,47
0.7799,23.34,1,0.7054,11,2,138
0.4461,6.82,1,0.5879,21,2,101
0.9307,20.56,2,0.8482,3,1,207
0.6122,22.08,0,0.5536,20,0,96
0.0352,5.45,0,0.5823,6,0,52
0.1575,45.83,1,0.4774,16,1,92
0.2058,29.96,1,0.7626,6,2,100
0.9757,19.43,2,0.415,3,2,194
0.2187,25.35,0,0.8519,10,2,75
0.5158,15.71,0,0.327,9,2,77
0.9362,42.72,1,0.6926,12,0,159
0.9772,28.75,1,0.893,5,0,170
0.2364,24.74,0,0.7691,23,1,82
0.0491,45.54,0,0.3426,16,0,42
0.1536,41.9,1,0.7063,20,2,90
0.0633,40.64,0,0.207,18,1,43
0.1951,11.28,2,0.0582,17,0,113
0.5686,7.66,0,0.7914,3,0,85
0.9124,34.5,2,0.808,14,1,206
0.5372,23.43,0,0.0229,21,0,57
0.626,34.19,1,0.9478,2,0,147
0.2019,38.03,2,0.4459,11,1,151
0.8006,14.77,1,0.9053,4,2,142
0.6178,14.23,2,0.7882,19,1,169
0.8641,24.54,0,0.9007,22,0,129
0.9488,13.68,2,0.8334,1,1,206
0.3479,33.36,0,0.974,19,2,97
0.0906,37.34,1,0.6291,8,1,84
0.2259,23.6,0,0.2273,23,1,48
0.4378,36.19,2,0.3896,0,2,154
0.9457,25.52,0,0.7519,4,0,123
0.3783,35.64,2,0.157,17,1,135
0.7708,11.25,1,0.9298,18,1,140
0.5405,36.94,1,0.2053,1,2,106
0.1828,35.76,1,0.876,3,2,108
0.3207,13.33,0,0.4837,8,0,61
0.6532,27.8,0,0.8406,0,1,121
0.6729,42.77,2,0.9583,18,2,208
0.4348,12.48,2,0.4221,16,2,138
0.2286,36.8,2,0.6966,17,2,157
0.7219,47.7,1,0.2267,11,2,121
0.1689,43.31,0,0.8008,15,0,75
0.9367,20.08,1,0.8199,13,1,166
0.1879,30.36,1,0.2952,16,1,74
0.1073,49.59,1,0.0241,10,0,69
0.4976,28.42,1,0.4312,15,2,107
0.5195,5.75,2,0.17,15,1,123
0.5082,2.27,1,0.8186,15,1,109
0.4367,39.52,0,0.2611,20,1,72
0.9948,21.18,2,0.9437,8,2,211
0.4863,12.34,1,0.9718,21,1,123
0.4779,17.38,1,0.9088,0,0,117
0.4218,37.87,1,0.5996,11,1,107
0.0668,23.26,2,0.2674,10,1,111
0.593,43.42,2,0.8073,20,1,184
0.228,36.75,2,0.7016,1,2,155
0.6376,48.7,1,0.9772,5,1,159
0.0508,44.43,0,0.3773,11,0,44
0.9814,12.73,1,0.0588,19,2,121
0.469,32.95,2,0.9984,11,0,180
0.8968,1.03,2,0.8383,15,2,186
0.4756,49.56,2,0.2215,4,0,158
0.0603,13.05,2,0.7256,22,1,137
0.8222,33.24,1,0.0007,18,2,109
0.6482,42.46,0,0.5578,1,0,104
0.7818,8.02,1,0.3628,16,0,116
0.4282,42.39,0,0.3813,3,1,75
0.6379,0.61,2,0.2445,13,0,140
0.8562,22.1,2,0.2748,17,0,167
0.6311,23.6,1,0.4547,22,2,117
0.3477,18.7,1,0.2481,1,2,74
0.6625,29.32,0,0.4664,6,2,101
0.6719,45.74,0,0.5773,16,2,111
0.9606,16.35,0,0.7111,6,1,130
0.3709,28.96,0,0.6771,17,1,73
0.4251,43.87,0,0.242,4,2,68
0.8121,38.65,2,0.0392,3,1,168
0.5058,2.04,2,0.8327,13,0,164
0.7366,47.14,1,0.8723,16,0,158
0.4597,2.33,0,0.9789,4,1,102
0.2155,29.44,2,0.9597,20,2,160
0.7452,28.77,1,0.6338,20,1,135
0.1312,39.32,1,0.8943,1,1,116
0.1986,7.42,1,0.448,7,0,66
0.6268,8.97,1,0.7873,13,2,129
0.7473,37.61,2,0.9553,11,2,215
0.8947,7.48,2,0.7963,6,0,197
0.2726,23.47,1,0.4158,12,1,87
0.1107,36.58,2,0.3778,23,1,132
0.956,32.56,2,0.2915,7,0,183
0.1544,10.53,0,0.3671,5,1,37
0.1977,15.2,2,0.8206,17,0,138
0.2913,48.45,1,0.7015,13,1,116
0.5294,22.43,0,0.2499,16,0,70
0.8828,2.22,2,0.7115,15,1,186
0.7605,10.98,2,0.3794,18,2,166
0.7082,17.12,1,0.5578,17,0,119
0.1752,49.97,0,0.3704,14,0,62
0.3577,15.13,2,0.5216,10,2,139
0.4784,1.32,2,0.7298,11,2,152
0.1474,25.65,0,0.7311,6,2,70
0.2734,4.18,1,0.7532,10,0,92
0.3083,13.7,0,0.391,14,0,53
0.1273,49.62,0,0.6905,17,2,74
0.5502,35.23,1,0.2387,18,1,109
0.705,2.53,0,0.4774,9,2,85
0.0699,22.43,1,0.5831,17,0,68
0.4811,8.58,1,0.6865,10,0,106
0.7822,6.15,1,0.912,8,0,145
0.748,29.35,2,0.3048,3,0,169
0.8151,25.28,0,0.8453,6,2,123
0.4482,37.14,2,0.3111,16,2,150
0.8206,44.62,0,0.5519,5,1,127
0.2408,12.33,0,0.8281,1,0,72
0.3608,46.15,1,0.7231,6,0,118
0.1764,25.9,0,0.8629,23,0,79
0.4675,12.94,0,0.8149,3,2,87
0.3921,42.29,1,0.2763,3,2,95
0.2409,1.78,2,0.9929,9,1,150
0.7518,27.98,1,0.937,9,2,150
0.3138,36.08,2,0.4302,22,2,149
0.2728,14.0,0,0.0472,5,2,36
0.1309,43.17,0,0.3035,10,0,47
0.4388,12.01,1,0.8362,6,2,114
0.303,41.99,2,0.9509,5,2,175
0.3693,3.93,2,0.8317,7,1,155
0.236,8.0,0,0.3967,6,1,54
0.7632,19.05,1,0.0565,17,2,100
0.93,42.7,1,0.5176,18,1,158
0.4979,7.23,2,0.3764,4,1,133
0.643,43.77,0,0.123,11,2,81
0.8672,11.49,1,0.1059,6,2,117
0.9988,22.63,2,0.153,20,0,184
0.6135,17.64,1,0.2058,2,2,97
0.8898,5.91,2,0.7538,9,0,185
0.9086,47.22,1,0.3817,7,1,144
0.7915,21.91,1,0.4369,8,0,124
0.4609,34.52,0,0.5984,22,2,91
0.0812,28.76,2,0.9601,12,2,147
0.0158,25.09,0,0.7565,9,1,54
0.4772,30.83,2,0.6457,19,1,161
0.4943,44.92,2,0.7438,18,1,176
0.4074,34.97,1,0.7193,3,0,121
0.5682,26.62,2,0.6902,11,1,179
0.5522,32.26,2,0.4964,9,2,165
0.8366,30.32,2,0.5668,10,0,183
0.1087,21.66,0,0.4615,8,1,47
0.2252,31.24,0,0.395,19,0,61
0.793,22.18,0,0.2708,23,0,88
0.8478,37.88,0,0.3552,0,2,108
0.9948,48.45,2,0.4285,20,1,195
0.8729,47.99,0,0.5794,20,1,126
0.8899,41.04,0,0.4999,8,1,124
0.3143,30.09,2,0.1079,11,2,124
0.4017,37.47,0,0.34,2,0,68
0.2681,8.9,2,0.3762,8,1,124
0.6063,23.95,2,0.7069,5,0,172
0.9388,12.87,1,0.3329,21,2,127
0.3446,0.17,2,0.008,2,2,119
0.557,48.34,2,0.0843,8,2,152
0.2963,43.19,0,0.497,11,0,70
0.1698,25.68,0,0.1885,23,0,48
0.1952,12.71,1,0.4946,19,1,82
0.0579,34.65,1,0.5742,22,1,80
0.9493,21.74,2,0.9334,7,2,206
0.4029,40.17,0,0.6556,6,2,89
0.8341,49.98,0,0.031,13,1,100
0.6813,17.45,0,0.3807,8,0,83
0.1919,12.22,0,0.7935,0,0,63
0.1755,13.37,2,0.2606,19,1,106
0.812,4.67,1,0.925,2,0,153
0.2647,19.7,2,0.529,4,0,133
0.9133,0.87,0,0.0924,22,0,82
0.1401,5.72,0,0.2417,17,0,27
0.6777,13.58,2,0.9063,15,1,191
0.8145,7.99,0,0.9915,3,2,121
0.2353,36.61,0,0.863,6,2,85
0.2762,5.28,1,0.3207,4,2,78
0.9645,43.3,0,0.7688,15,1,136
0.2646,11.06,0,0.2222,12,2,41
0.43,5.43,1,0.3845,8,0,88
0.4325,0.51,1,0.6972,17,0,97
0.253,35.76,1,0.9689,18,2,115
0.7758,12.83,1,0.4392,17,2,123
0.7718,25.47,0,0.4958,2,2,104
0.3783,5.58,0,0.2202,14,1,40
0.8351,49.26,1,0.4032,5,0,143
0.2131,6.27,0,0.063,6,2,33
0.0043,20.6,1,0.8586,23,0,82
0.5712,42.58,0,0.0233,9,0,69
0.9941,12.24,1,0.6835,18,2,154
0.0386,13.35,2,0.2732,5,0,113
0.208,40.42,1,0.4761,23,0,90
0.5189,13.67,1,0.2816,6,2,88
0.8099,0.14,1,0.4001,4,2,119
0.089,21.4,1,0.5468,7,2,77
0.3952,0.63,2,0.6409,4,0,150
0.7471,45.49,0,0.9403,14,0,127
0.3715,32.09,0,0.3322,3,2,68
0.1888,29.15,2,0.5849,4,0,131
0.1955,10.08,1,0.9017,16,0,99
0.41,35.0,0,0.2902,1,1,64
0.4794,33.86,1,0.865,10,1,136
0.8618,3.02,0,0.9576,16,2,118
0.6423,44.04,1,0.8475,10,1,150
0.6904,28.97,2,0.5699,0,2,182
0.983,39.62,0,0.7221,3,1,140
0.4118,13.15,2,0.4811,23,2,149
0.4034,6.1,0,0.5973,18,1,62
0.9233,35.12,0,0.9745,8,2,152
0.2459,39.69,2,0.2511,20,2,120
0.7298,19.3,1,0.7925,0,2,135
0.7546,1.18,2,0.5062,1,1,164
0.0978,40.91,2,0.1769,21,1,128
0.4682,10.3,2,0.6435,16,1,154
0.2006,16.95,0,0.7924,14,0,65
0.1854,31.41,0,0.5688,8,0,61
0.4638,5.0,0,0.8374,19,2,87
0.2894,3.6,1,0.3659,14,0,72
0.7961,1.29,1,0.9138,10,1,138
0.9076,45.83,2,0.6483,9,1,199
0.8027,15.57,0,0.8032,8,1,118
0.266,33.03,0,0.273,13,2,53
0.2741,49.46,1,0.4461,15,0,98
0.2547,33.47,1,0.9096,19,2,108
0.135,26.25,2,0.0509,9,2,106
0.9438,26.05,0,0.404,6,2,117
0.402,18.85,1,0.7803,13,2,106
0.2247,29.99,2,0.7438,14,1,151
0.8467,47.94,1,0.8516,6,1,165
0.3992,39.4,2,0.7394,1,2,178
0.0351,21.21,1,0.9471,7,2,95
0.1619,16.62,0,0.4983,1,0,51
0.6393,44.18,2,0.6243,1,1,186
0.7829,6.79,1,0.8477,23,1,137
0.2109,42.48,0,0.7017,18,0,80
0.9174,12.75,0,0.1021,0,0,88
0.851,35.78,0,0.367,8,0,111
0.8484,40.31,0,0.5526,6,2,119
0.2277,23.85,2,0.7547,23,1,161
0.0505,9.61,1,0.5436,10,1,66
0.8674,42.24,0,0.7775,6,0,139
0.3058,18.38,0,0.8376,15,1,83
0.6189,16.03,0,0.2651,11,2,76
0.76,25.5,2,0.6161,4,2,184
0.1283,21.75,1,0.5571,7,2,69
0.7808,34.15,0,0.2273,3,0,95
0.9385,6.86,2,0.4899,16,1,180
0.7284,21.78,2,0.5486,23,1,166
0.4412,44.59,0,0.8173,19,2,107
0.8767,1.8,2,0.461,9,2,183
0.5275,22.87,2,0.0809,11,2,139
0.7448,33.03,0,0.4873,1,0,103
0.8205,44.39,2,0.838,8,1,212
0.7494,29.69,1,0.5713,0,2,127
0.2879,41.22,1,0.3189,17,0,99
0.1178,11.13,0,0.921,21,1,62
0.2383,17.64,0,0.1557,4,0,38
0.5029,47.11,2,0.3269,16,0,163
0.5053,44.3,2,0.4371,14,1,160
0.5826,27.9,0,0.738,10,1,104
0.3951,23.77,0,0.8357,17,1,96
0.7869,22.55,1,0.0586,16,0,101
0.9132,2.94,2,0.792,6,2,184
0.2467,44.62,2,0.7205,19,1,157
0.7365,40.91,2,0.8947,15,2,204
0.678,22.81,1,0.9004,7,2,152
0.5231,13.97,0,0.7775,17,1,102
0.1885,17.15,2,0.1902,15,0,117
0.7952,6.16,2,0.3139,2,0,166
0.9606,36.09,1,0.9363,3,2,163
0.7218,27.83,1,0.5982,7,0,132
0.9179,11.71,0,0.5388,1,1,113
0.9842,31.15,1,0.9157,9,1,178
0.3521,48.96,0,0.8742,11,2,100
0.6382,6.12,1,0.7275,18,2,117
0.4739,22.92,0,0.8823,4,1,101
0.9866,24.71,1,0.1138,13,2,136
0.0938,8.34,0,0.7575,15,1,60
0.4124,26.58,2,0.9656,10,1,174
0.8755,30.3,1,0.049,21,2,120
0.2841,7.87,2,0.223,7,2,120
0.7878,7.74,0,0.794,9,0,104
0.3828,42.82,0,0.52,0,1,84
0.98,15.57,0,0.0866,9,2,86
0.8835,31.52,1,0.268,0,0,129
0.3013,31.34,0,0.3241,23,1,54
0.7702,41.96,2,0.3211,5,0,178
0.3369,36.99,2,0.8777,19,2,170
0.6064,42.03,2,0.662,2,0,182
0.6585,31.26,0,0.7349,6,1,113
0.8296,22.47,1,0.0136,2,0,115
0.0245,19.68,1,0.4275,8,2,56
0.2202,18.95,1,0.3178,14,0,74
0.7119,20.92,1,0.8519,10,1,126
0.5635,6.47,2,0.9539,14,2,181
0.4956,21.2,2,0.4233,19,1,156
0.0552,19.47,0,0.9731,1,0,68
0.3483,1.73,0,0.0144,10,2,30
0.8651,13.76,0,0.3257,14,0,104
0.0309,37.6,1,0.7749,12,1,87
0.3964,28.9,1,0.3601,3,0,98
0.9451,40.31,2,0.921,4,2,223
0.0509,27.13,0,0.2185,9,0,30
0.7497,42.7,0,0.7957,15,2,129
0.2576,39.8,0,0.2017,23,0,48
0.8666,4.91,0,0.1971,8,2,84
0.7461,48.85,0,0.4457,12,0,112
0.8857,0.74,0,0.9449,7,0,121
0.2159,29.84,2,0.5855,0,0,149
0.5313,39.63,2,0.635,9,2,181
0.7793,16.59,2,0.0097,8,2,148
0.2457,29.93,1,0.0566,3,1,70
0.2307,18.11,1,0.0669,16,1,55
0.0272,3.03,2,0.8196,6,0,120
0.9585,0.42,0,0.2369,5,0,85
0.71,4.74,1,0.3288,9,1,101
0.6356,4.92,2,0.61,23,1,157
0.744,30.54,1,0.584,15,2,136
0.5316,26.29,0,0.4105,10,0,81
0.4761,22.77,1,0.0043,19,0,85
0.4495,34.6,2,0.4496,0,1,148
0.6404,0.84,0,0.7389,8,0,89
0.2015,13.55,1,0.2352,12,1,64
0.8881,38.87,0,0.7084,11,2,129
0.8118,45.5,0,0.0152,16,2,99
0.3496,21.92,2,0.908,16,1,152
0.5786,4.07,1,0.95,10,2,124
0.141,39.94,0,0.0025,22,0,26
0.9723,44.26,1,0.4578,22,2,160
0.9029,20.68,0,0.4138,11,2,107
0.9219,12.17,2,0.8419,21,0,199
0.3322,2.2,2,0.5407,15,2,131
0.1691,29.55,0,0.6114,3,1,67
0.2118,45.49,0,0.2025,2,2,61
0.09,33.89,2,0.0771,1,0,115
0.1201,15.86,2,0.6923,5,2,137
0.0713,32.14,2,0.6207,7,2,140
0.9898,41.6,2,0.8323,1,2,216
0.0741,23.79,2,0.8447,14,0,144
0.1325,40.99,1,0.631,9,0,97
0.8273,19.6,2,0.5384,14,1,187
0.5802,17.43,2,0.914,12,1,194
0.7744,29.15,0,0.8013,6,0,122
0.6309,23.23,0,0.8824,14,2,108
0.8822,48.86,1,0.9958,22,1,184
0.6385,25.82,2,0.4035,7,1,162
0.5221,19.26,2,0.7169,7,0,178
0.7127,19.75,0,0.6881,12,2,105
0.4474,27.4,1,0.1741,19,1,83
0.3461,17.75,2,0.6365,12,0,158
0.4677,36.15,0,0.4281,19,2,78
0.1697,19.03,2,0.4506,1,0,118
0.7966,19.21,0,0.1801,2,1,87
0.2607,30.85,0,0.7447,9,1,81
0.1535,3.04,0,0.6979,5,0,48
0.2464,32.77,2,0.5323,0,2,142
0.8421,25.25,2,0.1567,5,0,166
0.3302,22.65,0,0.5569,6,2,75
0.686,35.96,1,0.1001,22,2,110
0.8564,37.91,0,0.3394,18,0,116
0.0777,42.31,2,0.3724,8,1,123
0.765,18.74,2,0.8834,22,0,196
0.3077,16.35,2,0.4156,20,1,119
0.2166,35.72,1,0.5985,6,1,94
0.6889,29.09,0,0.8748,11,1,119
0.9098,31.59,0,0.4258,22,2,123
0.295,27.78,2,0.8837,10,1,159
0.5688,38.63,1,0.1365,8,2,96
0.2898,9.5,0,0.3648,21,1,51
0.5543,27.79,2,0.0947,15,1,142
0.6219,7.91,0,0.5609,10,0,85
0.6103,20.36,2,0.9573,20,0,189
0.6235,33.2,0,0.657,17,1,100
0.1351,24.65,1,0.6261,8,1,83
0.6935,18.98,0,0.2782,10,1,76
0.6748,44.25,2,0.9311,1,2,198
0.6826,38.64,1,0.4715,2,0,137
0.0741,26.31,1,0.267,22,1,63
0.4468,47.5,1,0.9877,1,2,132
0.409,21.22,2,0.4231,20,1,136
0.0867,39.4,0,0.3715,4,0,47
0.2224,8.4,0,0.035,12,1,38
0.441,14.29,0,0.1783,17,0,60
0.7429,16.9,2,0.8092,23,0,183
0.2371,5.29,2,0.4827,8,2,121
0.8297,25.09,1,0.9549,22,1,161
0.5458,9.61,0,0.0839,10,2,59
0.7604,31.71,2,0.6159,20,2,186
0.4726,9.5,2,0.72,2,0,158
0.4992,6.18,2,0.6212,6,2,168
0.6197,48.45,2,0.5299,14,2,175
0.928,32.91,0,0.5783,16,0,126
0.4918,46.82,2,0.6895,19,0,181
0.5287,24.49,1,0.8633,8,2,126
0.602,1.67,1,0.3363,14,2,94
0.7375,28.72,0,0.4597,14,0,107
0.0719,27.92,1,0.6359,23,1,84
0.5157,0.75,2,0.3142,2,2,135
0.4816,43.06,1,0.1788,0,2,100
0.9217,31.0,2,0.9662,13,2,217
0.4935,37.23,2,0.1947,0,1,143
0.4683,24.7,0,0.2327,4,0,57
0.9622,30.92,2,0.6187,12,1,211
0.4506,12.87,2,0.0774,6,2,131
0.1809,48.69,1,0.034,6,2,71
0.2169,20.04,1,0.064,8,1,62
0.0952,8.12,1,0.1233,16,0,57
0.0006,2.8,2,0.4292,8,1,104
0.4319,31.81,2,0.8293,19,0,170
0.7692,49.17,0,0.342,3,1,101
0.7335,44.79,0,0.4275,2,1,112
0.0321,35.11,0,0.6003,3,1,60
0.57,49.53,1,0.3021,22,1,112
0.1543,36.14,2,0.4325,6,1,134
0.9411,16.96,1,0.3863,0,0,129
0.1674,30.06,0,0.3419,7,2,50
0.6266,3.99,2,0.3884,16,1,156
0.3262,11.08,1,0.0111,8,1,69
0.6416,20.88,1,0.8863,9,1,130
0.4123,10.09,2,0.9773,2,0,158
0.7596,47.68,0,0.8625,16,1,128
0.2307,49.78,1,0.0057,5,1,78
0.9058,18.55,0,0.7509,2,2,125
0.5002,35.46,1,0.5731,17,1,119
0.7561,20.39,1,0.0942,22,1,107
0.8497,6.98,1,0.9329,14,0,144
0.9988,16.85,2,0.7762,22,1,203
0.2239,11.67,0,0.1453,9,2,42
0.2869,16.4,2,0.964,12,1,160
0.2504,10.75,2,0.1262,8,1,120
0.2629,5.62,1,0.4547,12,0,77
0.5824,10.87,0,0.159,21,1,71
0.9935,45.29,0,0.1502,15,2,121
0.9903,4.26,1,0.9678,0,1,154
0.5268,16.24,2,0.5721,13,2,164
0.639,26.42,1,0.2592,9,1,106
0.86,17.73,2,0.7764,13,2,188
0.9329,25.88,0,0.8752,13,1,135
0.2039,2.17,1,0.9176,14,2,97
0.5285,32.43,2,0.933,20,1,188
0.8328,28.17,1,0.9056,20,1,153
0.3032,34.05,2,0.6389,23,1,155
0.4398,28.36,0,0.3425,14,1,71
0.9856,21.9,2,0.9256,6,2,219
0.985,17.51,2,0.1225,4,0,170
0.9061,11.32,1,0.1688,20,2,113
0.7984,25.0,1,0.4338,21,2,128
0.2691,1.3,2,0.2837,0,2,114
0.3209,16.41,1,0.6157,5,1,98
0.5473,33.89,0,0.9053,16,2,115
0.5608,5.44,2,0.491,3,0,146
0.5055,3.14,0,0.5539,1,1,79
0.6367,32.61,1,0.4231,23,2,123
0.4083,19.89,0,0.7076,2,2,86
0.7492,40.09,2,0.1007,5,1,158
0.3335,46.87,2,0.0486,23,1,136
0.3307,47.85,1,0.6413,2,2,120
0.1272,21.28,1,0.5349,19,2,80
0.1887,13.22,1,0.4074,13,2,69
0.8505,30.43,1,0.334,12,1,126
0.4463,31.41,2,0.0518,19,2,135
0.2279,31.12,0,0.6806,0,1,74
0.7593,16.09,2,0.4215,1,1,173
0.554,3.19,1,0.4453,4,2,104
0.0212,10.5,2,0.8934,11,1,136
0.3164,7.72,1,0.7375,23,0,93
0.177,6.2,2,0.2194,1,2,118
0.6559,46.31,1,0.6572,10,1,138
0.275,0.69,1,0.1323,10,0,59
0.0649,30.09,0,0.1941,4,1,42
0.0549,47.37,0,0.7141,8,0,70
0.5817,18.0,0,0.1259,4,2,70
0.0217,26.35,1,0.2802,3,2,54
0.8488,34.79,2,0.8981,12,0,216
0.1554,15.86,2,0.7383,22,2,136
0.6066,23.88,2,0.9295,9,2,187
0.4447,40.86,1,0.8818,15,2,138
0.4429,37.27,1,0.3126,16,0,103
0.0718,40.42,2,0.6324,20,0,143
0.8028,49.37,0,0.3787,19,2,116
0.8931,18.52,2,0.6971,21,0,197
0.011,37.35,2,0.3485,19,1,113
0.1786,30.14,2,0.0013,22,2,123
0.9039,33.33,0,0.0939,23,1,103
0.5495,36.99,2,0.771,17,0,175
0.15,37.49,1,0.084,11,2,66
0.2028,44.29,1,0.5994,7,1,97
0.66,17.47,0,0.8578,13,0,120
0.7248,32.67,1,0.7411,19,1,138
0.5994,14.01,1,0.4134,18,1,97
0.9531,29.73,2,0.2086,12,2,185
0.4941,37.56,1,0.9225,1,0,141
0.3003,39.55,0,0.5664,6,1,78
0.4772,21.01,2,0.4054,13,0,151
0.3597,25.44,0,0.9421,9,0,100
0.2244,16.69,2,0.215,10,0,124
0.046,8.45,2,0.4423,7,1,99
0.3522,13.03,0,0.1086,1,1,46
0.7114,45.61,2,0.1249,11,0,165
0.0184,15.45,2,0.3986,10,0,111
0.4392,48.74,1,0.6997,18,2,123
0.644,12.07,2,0.3389,2,0,152
0.6104,36.15,0,0.6896,11,1,98
0.7766,28.7,1,0.8052,20,0,144
0.8105,34.84,1,0.8776,6,1,152
0.7117,32.2,1,0.0447,7,2,102
0.1028,35.34,2,0.7737,2,1,147
0.475,45.28,2,0.1471,13,1,145
0.6034,28.17,1,0.6983,20,0,136
0.2456,3.39,1,0.3717,11,0,74
0.0426,13.54,1,0.7078,10,0,68
0.2236,35.41,0,0.2138,17,1,51
0.4549,24.7,1,0.645,10,2,108
0.4139,27.43,0,0.1255,9,0,57
0.1767,29.83,2,0.1697,18,1,117
0.8244,19.13,2,0.6145,6,2,183
0.9257,38.69,2,0.3368,20,1,183
0.2013,36.18,2,0.7038,6,2,157
0.9296,35.71,1,0.6852,12,1,160
0.0179,35.77,1,0.6216,6,1,80
0.925,44.52,1,0.7305,15,2,170
0.9519,29.77,1,0.7939,10,1,171
0.0121,48.35,0,0.9114,5,2,82
0.763,5.96,2,0.0805,17,2,143
0.9702,31.6,1,0.5715,22,0,144
0.9059,35.85,2,0.7488,0,0,210
0.9707,23.86,0,0.2169,13,1,110
0.5503,14.41,1,0.2636,17,1,103
0.0782,27.5,1,0.267,17,1,69
0.8498,18.24,2,0.5723,5,1,178
0.6138,45.46,1,0.3662,2,2,110
0.6147,17.84,0,0.6661,12,2,100
0.4173,8.79,1,0.6102,15,2,100
0.5718,28.82,2,0.6571,6,0,177
0.1536,19.8,0,0.2523,8,2,30
0.7398,4.79,1,0.7674,12,2,131
0.075,28.24,0,0.664,10,2,58
0.7298,26.89,2,0.1306,11,1,162
0.849,8.66,0,0.2002,16,1,89
0.4725,29.88,1,0.301,23,1,101
0.5098,28.37,2,0.936,19,1,180
0.3122,38.68,2,0.3263,0,0,142
0.9695,18.08,0,0.0199,8,1,91
0.7331,12.44,0,0.1416,0,0,74
0.369,47.56,0,0.0322,20,2,64
0.1748,28.06,1,0.4028,15,2,80
0.2196,1.36,2,0.7972,5,0,141
0.4639,41.04,0,0.4504,20,0,81
0.9426,9.84,0,0.839,13,1,126
0.7341,39.3,1,0.0475,1,2,101
0.2152,35.26,2,0.4697,3,0,139
0.8596,48.44,1,0.7871,19,1,159
0.3782,48.28,1,0.6747,6,0,119
0.8517,13.72,2,0.8528,12,2,203
0.2417,38.32,2,0.2738,21,2,127
0.6187,15.84,1,0.5009,6,0,117
0.9267,31.46,1,0.6769,0,0,152
0.2579,29.89,1,0.1685,2,0,75
0.6929,2.73,0,0.8158,21,2,103
0.9873,0.26,1,0.3115,14,2,135
0.1506,2.89,2,0.0933,7,1,89
0.0884,6.4,0,0.7657,1,0,58
0.6742,12.88,2,0.705,16,1,165
0.3397,45.35,1,0.8837,0,2,125
0.0712,25.93,1,0.8921,2,2,93
0.4753,39.84,0,0.2785,14,1,75
0.7538,41.92,2,0.6414,15,2,191
0.2851,36.75,0,0.9991,13,2,89
0.335,19.57,1,0.2438,21,2,81
0.8457,43.19,0,0.4729,6,1,114
0.5201,37.1,2,0.9102,13,0,173
0.8427,37.16,0,0.1031,7,1,99
0.4464,45.08,2,0.9282,8,1,176
0.953,29.93,1,0.4882,3,2,146
0.6508,26.43,0,0.893,19,2,116
0.1159,44.51,2,0.6214,16,2,137
0.8851,22.72,2,0.6714,17,2,195
0.4893,40.58,0,0.773,3,1,102
0.1416,2.69,2,0.0671,2,2,98
0.1527,0.06,2,0.6278,18,1,128
0.6875,26.41,2,0.9239,15,2,194
0.0474,3.68,1,0.9561,0,0,75
0.2866,48.83,0,0.9683,15,0,95
0.1398,0.28,1,0.6458,23,0,75
0.4411,35.91,2,0.6333,18,0,176
0.4144,12.17,1,0.5525,6,2,98
0.5219,48.38,1,0.6076,7,2,131
0.2796,19.08,2,0.6121,18,0,143
0.032,1.36,1,0.0424,9,1,29
0.6144,1.35,0,0.0889,17,2,58
0.3737,27.67,2,0.6194,23,2,157
0.6513,49.34,1,0.3142,9,1,122
0.1087,48.99,1,0.3014,13,1,79
0.0138,16.86,1,0.1934,11,0,52
0.2483,24.14,2,0.8011,12,2,152
0.4565,5.02,2,0.9643,1,0,169
0.3941,26.11,2,0.6278,23,2,158
0.8103,29.99,2,0.9454,12,2,214
0.3778,12.55,0,0.8839,5,0,85
0.5304,30.61,2,0.2179,13,1,157
0.5935,44.98,2,0.1535,9,2,157
0.0218,0.05,0,0.2116,19,1,26
0.5151,11.45,1,0.0962,18,0,76
0.3448,10.5,2,0.5829,9,0,135
0.4213,6.19,1,0.2827,17,1,82
0.1003,8.31,2,0.9129,0,0,137
0.7828,31.3,1,0.6134,23,2,138
0.9424,5.13,0,0.3596,12,2,107
0.0223,36.93,0,0.9846,15,0,63
0.6014,44.35,2,0.9532,15,0,193
0.7638,46.33,2,0.7786,7,0,200
0.2848,33.01,1,0.7917,16,1,113
0.7876,9.87,1,0.9773,9,2,140
0.6324,4.26,1,0.6005,16,0,110
0.9292,11.6,2,0.88,2,2,213
0.981,48.1,2,0.0648,3,2,187
0.0423,48.12,2,0.5541,22,0,141
0.4449,19.1,2,0.5025,17,0,150
0.547,16.29,2,0.0377,3,2,126
0.1467,25.5,1,0.087,5,1,54
0.3363,14.58,0,0.0218,13,1,46
0.9876,48.98,1,0.294,0,0,147
0.0162,11.06,2,0.0535,9,1,75
0.4525,18.46,1,0.4232,7,1,99
0.8427,21.47,0,0.8127,3,2,125
0.3239,6.25,2,0.6138,7,1,141
0.4798,19.14,2,0.6738,7,1,163
0.978,42.84,1,0.0315,1,0,133
0.4749,7.02,1,0.8395,15,2,116
0.1309,29.2,0,0.1462,6,2,43
0.0517,20.33,2,0.3027,0,2,105
0.9454,8.53,0,0.5168,0,2,113
0.2658,0.62,1,0.93,23,2,95
0.5041,13.67,1,0.9981,2,2,127
0.0907,3.09,0,0.7827,21,2,54
0.4237,18.84,1,0.7293,3,1,107
0.9301,40.51,2,0.5277,2,0,205
0.5024,35.98,2,0.6656,13,0,165
0.9711,47.37,1,0.1444,20,2,137
0.2588,21.35,0,0.2692,1,2,54
0.5045,35.39,2,0.9846,7,1,188
0.8595,33.27,0,0.9796,18,2,137
0.4483,10.85,2,0.323,1,0,137
0.2795,15.18,1,0.241,4,1,72
0.8555,26.49,1,0.2295,7,1,123
0.3899,39.83,1,0.4849,19,0,103
0.5307,23.09,1,0.2238,19,2,96
0.9765,11.39,0,0.6485,17,1,122
0.1865,49.67,1,0.0748,15,0,79
0.3014,5.78,1,0.1037,0,2,51
0.0311,47.79,2,0.2769,5,1,114
0.3918,40.45,1,0.7774,22,1,123
0.2002,41.94,2,0.3233,17,1,134
0.68,39.75,0,0.4708,5,1,103
0.1813,10.41,0,0.6566,16,1,58
0.6748,31.63,0,0.7885,17,2,111
0.2635,37.84,2,0.3071,17,2,142
0.3552,37.28,0,0.731,23,1,89
0.3489,13.58,0,0.2861,12,0,45
0.7168,9.06,2,0.6445,1,0,167
0.4665,16.41,1,0.4509,19,2,90
0.3613,23.99,1,0.9266,0,0,115
0.8526,28.69,2,0.9821,15,2,211
0.572,41.85,2,0.7741,19,1,197
0.2138,38.45,2,0.9155,3,1,172
0.9001,33.81,1,0.1365,19,0,128
0.3427,13.17,1,0.6545,19,1,97
0.039,23.94,0,0.1984,15,2,35
0.4946,16.77,1,0.277,7,0,101
0.1239,11.75,2,0.5228,4,2,117
0.2385,0.51,0,0.742,16,0,65
0.7471,16.97,2,0.7215,3,1,180
0.1308,12.81,0,0.8695,16,1,58
0.8069,28.6,0,0.5593,4,2,107
0.9369,3.12,1,0.9263,8,0,150
0.6065,13.53,0,0.8879,12,1,95
0.7104,2.24,2,0.8491,3,2,182
0.7136,32.07,1,0.2295,19,0,122
0.9928,28.41,1,0.5314,16,1,142
0.3415,16.87,1,0.7362,0,1,107
0.1629,7.37,0,0.9761,20,0,60
0.5192,47.9,2,0.0116,17,1,137
0.5332,29.22,2,0.3271,20,1,144
0.1779,33.96,0,0.3424,14,0,51
0.6131,26.57,0,0.2885,15,2,78
0.0141,40.33,0,0.8174,9,2,71
0.9277,44.82,0,0.0451,5,0,99
0.2646,19.14,1,0.3594,5,1,76
0.0396,34.5,2,0.7117,7,2,142
0.1082,11.49,1,0.4067,6,0,67
0.2402,32.59,0,0.1441,18,0,43
0.2739,19.96,0,0.6109,12,1,60
0.0328,0.34,1,0.5226,9,2,49
0.2794,47.78,0,0.9818,17,2,103
0.1929,43.42,1,0.7485,17,1,111
0.3786,14.54,0,0.9862,22,2,91
0.3852,49.89,0,0.1864,7,1,57
0.339,15.86,1,0.7616,5,2,104
0.3279,22.94,0,0.5516,0,1,64
0.0897,42.56,1,0.7125,3,2,96
0.0252,15.23,0,0.4676,14,1,44
0.2021,22.53,0,0.2124,19,2,46
0.7566,33.28,1,0.0457,14,2,114
0.9908,6.52,0,0.8383,23,2,134
0.9285,21.12,2,0.8148,15,0,207
0.5042,15.47,2,0.1625,21,2,139
0.5318,33.84,1,0.6452,6,0,122
0.3146,6.8,0,0.7377,7,2,75
0.7739,11.64,1,0.5576,19,0,125
0.7648,35.57,1,0.3172,15,2,123
0.8443,7.81,1,0.8809,11,1,139
0.8955,21.1,2,0.6424,22,1,198
0.4343,35.64,2,0.7202,18,2,180
0.7669,38.27,1,0.6521,7,1,142
0.8064,4.74,0,0.7213,14,0,117
0.3085,42.6,0,0.1451,9,0,58
0.9292,36.2,2,0.9226,9,2,232
0.0943,16.96,1,0.2858,19,1,62
0.9943,38.19,0,0.8366,16,2,146
0.7701,36.41,1,0.8934,0,0,143
0.0933,30.04,2,0.6512,13,0,142
0.6562,27.92,1,0.5983,15,2,126
0.0342,36.74,0,0.109,12,0,35
0.7702,49.96,2,0.4362,7,2,195
0.7992,28.93,0,0.6116,15,1,108
0.6024,40.44,2,0.0819,22,1,167
0.8569,37.21,1,0.1115,2,0,128
0.0979,42.79,0,0.9935,14,0,93
0.2759,47.73,0,0.3322,21,2,74
0.4142,9.65,2,0.3497,9,1,124
0.0425,8.27,2,0.2515,8,1,107
0.4482,29.32,0,0.646,5,2,87
0.2652,22.46,1,0.4731,5,1,87
0.3927,28.54,2,0.7904,9,2,161
0.4251,39.9,2,0.5125,18,2,153
0.8794,46.59,2,0.0154,4,1,175
0.2703,20.87,0,0.4827,5,0,59
0.8937,35.9,1,0.0552,23,1,126
0.426,9.84,2,0.8268,23,2,167
0.3278,26.73,0,0.1137,5,0,56
0.5025,1.09,0,0.217,10,1,61
0.4177,25.19,2,0.46,9,0,148
0.2574,27.27,2,0.1952,7,1,123
0.5027,36.77,0,0.5392,3,2,95
0.1518,32.47,2,0.4607,1,1,133
0.3519,17.92,1,0.9525,14,2,118
0.5658,0.29,1,0.0884,1,0,75
0.4134,5.77,1,0.5767,14,2,96
0.8239,48.65,2,0.7204,2,2,212
0.2567,46.12,1,0.1276,3,2,80
0.9698,16.25,1,0.6365,0,1,153
0.7847,12.94,2,0.8642,9,2,192
0.9676,21.82,1,0.7876,7,2,166
0.8381,34.5,2,0.9352,7,2,216
0.1421,17.84,0,0.7206,7,2,53
0.5265,3.36,2,0.394,22,0,139
0.17,20.14,2,0.9205,10,1,151
0.8182,13.03,2,0.2254,19,2,158
0.5842,16.25,1,0.5837,5,2,115
0.2634,8.15,1,0.7657,11,0,92
0.9296,32.94,0,0.8723,1,1,146
0.1152,26.33,2,0.9165,6,0,141
0.5639,13.54,2,0.085,1,0,126
0.721,27.69,0,0.7261,0,0,103
0.0588,24.64,0,0.2041,4,2,23
0.5979,39.8,2,0.7791,3,0,184
0.8159,47.8,2,0.7007,7,1,201
0.0675,6.53,1,0.1814,17,0,52
0.5122,44.2,0,0.8328,3,2,117
0.2586,35.24,2,0.4618,14,2,140
0.6629,34.63,1,0.5439,8,1,123
0.1187,18.72,2,0.9714,9,2,150
0.9371,17.2,2,0.6566,22,0,198
0.8947,0.28,1,0.5886,11,2,132
0.186,49.11,0,0.0168,6,1,52
0.3233,30.33,2,0.1992,5,1,132
0.5876,20.12,2,0.0266,4,0,131
0.7181,27.19,2,0.3333,19,2,168
0.4427,2.03,1,0.3445,15,0,84
0.1563,8.68,2,0.5303,6,2,116
0.1042,31.17,2,0.6898,11,2,143
0.9998,25.71,0,0.1793,12,2,102
0.4554,39.35,0,0.6017,1,0,102
0.8725,32.94,0,0.917,21,2,139
0.4824,30.07,2,0.185,18,2,147
0.9224,40.76,0,0.6591,12,1,131
0.0878,3.41,1,0.0456,17,1,45
0.114,34.54,2,0.5311,2,0,126
0.9296,35.78,1,0.7415,23,1,157
0.9475,13.76,0,0.034,15,2,85
0.3147,9.78,1,0.3337,22,0,71
0.3552,10.69,0,0.878,20,2,89
0.4525,9.91,1,0.2255,14,0,88
0.4162,26.19,2,0.7229,6,2,156
0.19,6.78,1,0.6122,16,1,79
0.8984,32.96,2,0.1637,12,0,172
0.2533,5.25,0,0.7417,9,1,68
0.7053,1.34,2,0.5321,17,0,158
0.0672,15.96,1,0.112,21,1,53
0.0388,9.59,0,0.9494,4,1,62
0.6537,49.43,1,0.492,13,1,130
0.339,15.15,0,0.7451,18,0,86
0.6555,11.1,1,0.2177,7,0,101
0.094,9.84,1,0.1372,8,2,44
0.9499,18.69,0,0.7413,0,1,134
0.7485,30.29,2,0.6738,7,1,185
0.8763,39.1,1,0.2741,14,0,127
0.1365,18.23,0,0.7463,23,2,74
0.3202,31.3,1,0.505,12,0,88
0.3683,24.1,2,0.3486,6,2,131
0.5372,42.32,2,0.7869,19,2,179
0.2969,28.45,1,0.6168,4,0,103
0.0606,14.49,2,0.5073,4,0,115
0.3689,35.18,0,0.7731,12,0,96
0.2545,41.0,1,0.5448,19,0,101
0.3859,23.27,0,0.9385,5,2,92
0.197,49.36,2,0.8181,0,1,161
0.2619,43.95,2,0.3582,17,1,147
0.627,9.85,0,0.4649,14,1,81
0.3882,39.34,0,0.9573,16,2,101
0.3454,30.05,2,0.8952,9,2,172
0.5339,26.74,1,0.1912,2,0,100
0.7719,25.7,0,0.2743,7,2,87
0.3789,42.67,0,0.3644,11,1,73
0.5875,30.54,1,0.8798,10,2,141
0.9662,26.89,0,0.9274,21,2,139
0.522,2.44,0,0.8023,5,1,88
0.9098,22.42,0,0.2757,7,1,103
0.7937,45.4,0,0.8871,4,1,125
0.0587,35.59,2,0.0329,13,0,102
0.4291,2.55,2,0.4228,19,0,150
0.6983,44.2,2,0.3776,21,1,170
0.9867,41.33,0,0.5352,5,2,130
0.4584,27.33,0,0.5606,10,1,84
0.0928,1.12,0,0.2254,17,1,20
0.562,28.12,1,0.2046,1,1,100
0.1266,2.73,0,0.8036,17,0,59
0.7515,16.02,0,0.0762,3,1,76
0.5077,31.45,2,0.4933,0,1,166
0.7234,45.65,1,0.1916,2,2,118
0.8694,17.89,2,0.3196,21,2,170
0.6289,43.0,0,0.2773,16,2,94
0.6124,45.92,2,0.7085,18,1,185
0.7546,1.05,2,0.456,16,2,167
0.8425,11.97,2,0.2994,19,0,160
0.8691,35.49,1,0.8314,11,0,159
0.0364,37.84,2,0.0858,19,2,106
0.5562,19.62,1,0.7664,1,1,123
0.2163,32.84,1,0.2483,13,0,77
0.8603,30.61,0,0.918,18,1,143
0.6484,36.99,0,0.0056,23,2,71
0.4202,35.93,2,0.5567,8,0,162
0.1881,4.29,0,0.6223,4,1,46
0.339,7.91,0,0.5773,17,2,70
0.7038,6.64,0,0.815,1,2,101
0.2044,46.62,1,0.1122,18,1,81
0.0936,45.68,2,0.4156,16,2,138
0.888,39.87,0,0.8637,16,2,135
0.7642,5.84,0,0.8887,7,1,121
0.1998,28.71,2,0.4983,2,2,138
0.2923,9.36,0,0.558,14,2,62
0.9721,18.42,1,0.7639,8,0,152
0.7082,13.35,2,0.7796,9,0,181
0.6105,41.45,1,0.8881,4,2,149
0.3076,7.22,0,0.8439,8,0,74
0.2991,32.31,2,0.4144,19,2,144
0.0395,49.19,0,0.6498,21,1,77
0.7285,34.35,0,0.4832,8,2,108
0.0432,3.96,0,0.118,3,1,12
0.0049,45.39,1,0.8217,0,0,96
0.7295,32.15,2,0.6018,4,0,179
0.9489,22.82,1,0.058,0,1,118
0.7565,32.98,0,0.6769,16,1,107
0.4716,43.95,1,0.2831,15,0,105
0.486,23.86,0,0.0693,18,2,62
0.4361,26.57,1,0.6066,7,0,102
0.3246,22.62,0,0.7322,19,2,82
0.5217,3.63,2,0.5173,4,0,149
0.4312,39.35,2,0.0056,5,0,126
0.5982,6.32,2,0.5769,21,1,155
0.8981,19.73,0,0.0066,21,1,82
0.995,19.34,0,0.9264,14,1,139
0.0787,14.0,0,0.2673,14,0,23
0.3847,20.13,2,0.871,16,0,173
0.1807,30.9,2,0.0121,19,0,112
0.3521,15.57,0,0.0972,5,1,43
0.2875,8.63,2,0.4514,1,2,134
0.1745,43.47,1,0.7586,4,1,103
0.7641,48.54,0,0.9426,8,2,130
0.4963,22.93,0,0.5211,5,0,79
0.9192,16.35,0,0.3555,12,0,106
0.0326,2.37,2,0.0446,3,0,87
0.067,1.84,0,0.5837,13,0,30
0.4033,19.64,0,0.38,17,0,72
0.0803,46.51,2,0.9091,2,1,154
0.2627,36.54,0,0.4801,6,2,67
0.986,17.46,0,0.7654,12,1,122
0.209,48.4,2,0.8482,1,2,153
0.1981,21.44,2,0.0983,15,0,113
0.5736,13.84,1,0.4408,18,2,107
0.498,21.32,2,0.8937,8,0,184
0.5804,10.58,2,0.4245,0,0,150
0.3767,44.28,1,0.5652,12,1,119
0.8268,18.06,2,0.8731,20,1,192
0.1386,32.9,0,0.2326,7,0,35
0.4284,19.45,0,0.8946,20,0,94
0.6898,45.09,2,0.397,20,2,178
0.8682,32.12,0,0.593,6,2,119
0.3696,24.41,2,0.328,14,2,135
0.5677,6.61,1,0.5271,1,0,106
0.0691,45.1,2,0.0493,13,1,108
0.1703,27.34,1,0.0653,21,2,57
0.0691,14.25,0,0.4147,22,1,43
0.7279,43.9,1,0.335,4,0,134
0.2881,2.72,2,0.6158,15,2,140
0.7237,15.7,2,0.0379,1,2,139
0.0664,26.84,2,0.1677,6,0,105
0.8625,16.99,2,0.2096,20,2,172
0.8355,23.84,2,0.4405,15,2,172
0.0889,13.22,2,0.2468,9,1,107
0.0238,6.5,1,0.1377,23,0,33
0.0563,1.84,1,0.5976,18,2,62
0.8536,7.88,1,0.7439,0,2,139
0.2347,47.65,2,0.6853,1,0,150
0.5483,28.77,1,0.2762,15,0,106
0.4262,24.45,2,0.8544,21,0,163
0.7955,19.22,2,0.6118,3,2,194
0.4889,35.42,0,0.6147,12,1,94
0.5007,7.06,2,0.2128,19,0,129
0.9891,13.81,2,0.2422,20,1,188
0.1501,32.8,1,0.4748,15,2,73
0.8307,23.95,0,0.2378,23,0,90
0.0517,38.5,0,0.6881,22,1,65
0.4776,44.86,2,0.3086,20,0,164
0.8863,41.17,0,0.1519,16,0,109
0.6652,9.21,1,0.1516,23,1,100
0.6852,4.57,1,0.1272,0,2,95
0.2633,8.47,0,0.4398,2,2,49
0.4186,39.18,2,0.003,12,0,126
0.3666,45.69,1,0.5424,16,0,112
0.5214,46.27,0,0.2983,21,1,87
0.4622,14.91,0,0.5525,16,0,77
0.3269,42.02,1,0.9354,5,0,127
0.3055,26.81,0,0.869,21,1,84
0.2509,41.14,2,0.5764,1,2,148
0.365,27.42,1,0.4181,2,1,105
0.1499,7.29,1,0.6984,17,2,92
0.8721,3.96,1,0.9231,23,0,148
0.6021,47.86,0,0.4895,12,1,104
0.1338,21.29,1,0.0993,3,1,63
0.6939,17.53,1,0.7661,1,2,125
0.8477,17.82,0,0.0105,23,1,86
0.2375,18.95,1,0.7646,6,2,96
0.1506,47.25,1,0.0849,15,2,75
0.0086,3.14,0,0.1066,7,2,10
0.0473,5.95,2,0.7817,5,1,130
0.7623,39.48,1,0.6895,16,0,143
0.9872,27.47,0,0.5619,17,1,117
0.0449,6.43,1,0.8206,11,1,75
0.7481,1.72,0,0.8514,12,0,108
0.0719,11.21,1,0.4575,11,0,65
0.5921,13.04,0,0.9963,14,2,108
0.7561,0.71,1,0.3576,19,1,111
0.3592,10.8,0,0.1715,17,2,52
0.0109,36.92,0,0.846,6,0,74
0.5952,42.77,0,0.4156,5,2,93
0.9912,44.91,0,0.8745,16,2,146
0.2576,19.5,1,0.0612,15,1,61
0.1895,15.97,0,0.1111,8,1,39
0.1239,49.99,0,0.0403,20,2,42
0.5553,38.47,0,0.602,10,1,105
0.5964,26.87,2,0.8319,8,2,185
0.7923,12.74,2,0.4027,13,0,167
0.7531,16.07,0,0.0907,4,0,73
0.8925,25.77,0,0.3735,16,0,111
0.8058,27.1,2,0.348,21,0,177
0.2473,0.68,2,0.6435,22,2,125
0.5559,47.97,2,0.6522,10,2,190
0.2974,28.78,0,0.103,6,1,43
0.3298,29.46,1,0.4202,11,1,87
0.9319,10.57,0,0.6425,2,2,112
0.6819,38.25,1,0.2589,16,1,116
0.9746,36.86,0,0.4071,10,1,119
0.4169,4.76,0,0.6137,2,0,68
0.5374,29.75,1,0.4029,13,0,105
0.4871,32.91,2,0.0309,17,2,138
0.1073,41.78,1,0.2226,5,2,78
0.2367,10.3,2,0.7761,9,1,145
0.5276,43.88,2,0.2485,21,2,155
0.0674,23.07,2,0.8177,17,2,135
0.9315,4.83,0,0.4669,19,0,99
0.1238,5.28,0,0.4729,10,2,34
0.198,9.89,1,0.7705,11,2,88
0.7653,14.14,2,0.3833,11,0,171
0.0969,24.82,2,0.2385,10,0,114
0.9003,37.44,2,0.105,3,2,187
0.7257,9.34,0,0.6719,0,0,101
0.0686,49.63,1,0.4699,19,0,82
0.6918,8.08,0,0.8094,12,0,110
0.6316,29.97,0,0.4577,12,0,84
0.7573,46.45,0,0.4148,14,1,108
0.8282,41.63,2,0.2989,9,1,184
0.7184,32.39,0,0.1994,21,2,82
0.5862,35.77,1,0.8304,11,0,139
0.3225,6.71,2,0.0952,12,0,123
0.6973,0.48,2,0.9021,12,1,178
0.957,21.71,1,0.0269,3,2,121
0.5875,4.48,1,0.5223,4,1,103
0.6643,17.89,1,0.0583,4,2,104
0.4371,11.19,2,0.7796,6,0,163
0.7561,45.82,2,0.2115,3,1,168
0.9977,44.0,1,0.5659,5,1,159
0.1604,40.95,1,0.9164,22,0,107
0.2024,35.7,1,0.6493,8,0,92
0.5394,7.7,1,0.1783,19,0,83
0.4814,2.42,2,0.7967,9,1,159
0.5716,32.69,0,0.4415,19,0,84
0.0491,32.11,2,0.0132,18,0,113
0.4043,18.47,1,0.4868,20,2,93
0.583,23.63,0,0.8125,6,0,102
0.5852,24.46,0,0.43,2,2,87
0.6573,12.0,1,0.7584,7,1,119
0.7202,15.71,0,0.7055,16,0,98
0.6415,20.92,0,0.4569,15,1,84
0.7902,30.16,0,0.3233,16,1,105
0.6248,47.79,2,0.7265,23,0,201
0.5375,26.92,2,0.3689,5,0,156
0.6062,36.56,0,0.1701,10,2,84
0.1012,40.35,2,0.3209,11,0,123
0.2732,5.68,1,0.8768,3,2,91
0.5274,32.66,2,0.2834,15,0,149
0.873,24.11,0,0.235,1,1,89
0.6791,28.62,0,0.1334,21,0,74
0.0904,1.92,0,0.0552,2,2,18
0.5923,45.31,2,0.9767,2,0,196
0.2217,47.64,1,0.5368,4,2,96
0.734,0.17,0,0.7296,21,0,99
0.8274,10.64,2,0.773,20,0,189
0.5935,9.01,2,0.3523,22,1,154
0.5914,39.07,1,0.7989,19,1,140
0.3386,29.9,2,0.9615,22,1,164
0.4463,8.87,0,0.7418,11,2,77
0.8641,40.7,1,0.7117,0,1,154
0.7233,17.67,2,0.4322,10,2,166
0.5198,23.04,1,0.8413,5,1,129
0.3682,19.37,0,0.0888,5,0,46
0.0504,26.07,2,0.7497,16,1,130
0.143,24.01,2,0.362,4,1,122
0.193,13.73,2,0.566,7,1,128
0.3734,21.23,1,0.893,9,2,116
0.9441,45.42,0,0.605,1,2,127
0.5052,25.14,0,0.0256,16,0,63
0.2348,45.82,2,0.7226,18,0,155
0.1058,27.51,2,0.929,13,0,151
0.3383,38.44,0,0.642,0,1,83
0.8157,14.68,1,0.8614,18,0,157
0.3833,39.52,1,0.8253,10,0,116
0.7725,13.22,1,0.8613,6,1,149
0.8027,0.98,1,0.3441,22,1,112
0.1108,8.04,2,0.4742,20,2,113
0.6087,1.08,2,0.848,10,1,179
0.9591,47.35,0,0.9104,10,2,156
0.4021,50.0,1,0.1468,21,2,103
0.0509,38.11,2,0.1815,4,1,114
0.9233,5.41,0,0.3468,9,2,91
0.8837,44.95,2,0.7703,13,2,218
0.5221,37.19,1,0.875,8,1,137
0.5523,16.61,1,0.5802,7,2,115
0.2117,25.11,0,0.1133,2,0,42
0.8195,33.09,2,0.3037,6,0,174
0.4986,1.2,1,0.857,8,2,115
0.0339,25.08,1,0.3476,20,2,59
0.683,36.62,1,0.1028,8,0,107
0.9505,9.41,0,0.3021,3,2,113
0.8292,22.19,2,0.8067,20,1,192
0.2772,26.63,0,0.4935,8,1,65
0.0533,36.78,0,0.1716,22,2,36
0.9404,48.22,2,0.3126,2,0,183
0.9371,42.41,0,0.9536,0,1,150
0.5324,31.08,2,0.432,22,0,158
0.6423,29.18,1,0.4416,2,1,120
0.4626,30.16,2,0.1531,0,0,128
0.4198,27.26,0,0.3046,15,0,68
0.1194,2.97,2,0.8147,7,2,135
0.0968,34.91,0,0.7862,11,0,67
0.2327,35.82,2,0.4355,9,1,137
0.8366,25.62,1,0.8937,7,2,158
0.1458,43.52,0,0.3803,11,2,58
0.2267,33.62,1,0.8643,6,0,105
0.5486,18.13,0,0.0316,5,2,56
0.2151,0.98,0,0.3472,5,1,42
0.1632,2.96,2,0.8551,2,0,139
0.5633,17.59,1,0.9013,12,1,128
0.3681,23.11,2,0.7564,13,1,159
0.6262,8.34,2,0.6699,0,1,176
0.9122,9.47,1,0.8155,11,1,156
0.151,11.51,1,0.7076,17,0,83
0.9134,39.03,0,0.2542,0,0,109
0.9025,38.56,0,0.4662,7,0,125
0.8291,19.15,2,0.6607,23,2,187
0.6313,8.62,0,0.5878,10,1,86
0.6201,5.55,1,0.8851,0,1,133
0.6392,4.36,0,0.4738,12,1,77
0.6905,19.56,2,0.178,9,2,164
0.0165,2.28,1,0.2146,5,2,45
0.9581,16.68,1,0.8461,1,2,147
0.5856,48.08,2,0.0087,21,0,156
0.7815,25.38,0,0.8691,19,0,112
0.3773,41.13,0,0.0556,16,2,65
0.0124,6.46,1,0.3917,0,2,55
0.5097,13.4,0,0.8002,20,0,93
0.5072,47.33,0,0.4076,11,1,93
0.437,19.18,0,0.8223,11,0,94
0.3397,32.42,2,0.1003,21,2,122
0.2498,48.81,0,0.5115,10,2,72
0.5275,27.54,0,0.5825,5,2,81
0.3753,15.27,2,0.8909,5,2,169
0.9699,26.6,0,0.0936,22,1,96
0.1729,2.73,0,0.3386,13,0,41
0.3197,5.62,1,0.6593,13,2,93
0.294,0.36,0,0.9799,14,1,79
0.5433,44.21,2,0.8483,5,0,193
0.4993,33.56,1,0.8465,10,2,141
0.6437,14.92,2,0.5172,22,1,162
0.95,11.06,0,0.5643,3,0,115
0.2852,34.15,1,0.8586,22,2,112
0.6928,45.98,0,0.8696,6,0,132
0.025,14.96,0,0.8023,7,0,53
0.2624,16.08,1,0.8186,0,1,105
0.4637,42.71,2,0.8796,15,0,175
0.031,44.67,0,0.1138,7,2,33
0.6177,45.7,2,0.2926,11,2,172
0.6783,14.66,0,0.9761,13,1,118
0.7467,6.02,0,0.5448,15,0,95
0.5166,22.0,1,0.1765,22,1,87
0.6039,14.79,1,0.5031,13,0,119
0.3961,44.19,1,0.6458,4,2,115
0.0413,1.83,2,0.8282,16,2,127
0.1,31.69,0,0.8122,1,0,62
0.655,45.31,2,0.0492,20,1,156
0.9956,48.83,2,0.4535,7,2,203
0.0158,32.51,2,0.0206,17,1,92
0.5576,47.5,0,0.8882,3,0,110
0.751,3.78,1,0.1739,9,0,90
0.8268,17.96,2,0.6249,16,2,190
0.5452,0.44,2,0.5706,14,1,149
0.6199,49.06,2,0.6255,0,1,194
0.6967,45.14,2,0.5634,0,0,184
0.859,1.4,1,0.7156,23,0,139
0.1223,0.91,0,0.6261,12,1,47
0.9262,18.35,0,0.0903,20,1,91
0.026,12.93,0,0.3668,1,1,30
0.8362,42.35,2,0.5466,11,2,181
0.0767,8.02,0,0.3252,13,0,27
0.1946,39.53,1,0.7603,22,1,105
0.0039,27.72,2,0.3179,17,0,105
0.4453,18.87,0,0.8287,15,0,85
0.3344,7.29,1,0.1467,7,1,66
0.166,49.88,1,0.7694,23,0,111
0.4511,30.9,2,0.1835,7,1,137
0.4024,21.97,1,0.528,6,1,100
0.7677,18.56,1,0.3205,17,1,117
0.8931,45.29,2,0.6373,23,2,205
0.6526,41.06,2,0.2127,20,0,157
0.1244,40.56,2,0.7954,4,1,150
0.2954,30.81,2,0.5736,19,2,148
0.9133,44.4,2,0.9573,8,0,236
0.0887,14.96,2,0.7118,5,1,123
0.4069,35.19,2,0.6074,22,2,157
0.9425,20.22,0,0.8292,22,1,127
0.9507,30.0,1,0.2197,8,0,140
0.4112,49.91,0,0.6327,0,2,91
0.6674,49.23,1,0.3904,5,0,123
0.4567,25.63,1,0.7438,12,0,121
0.7535,28.69,2,0.0245,1,1,165
0.0316,44.87,1,0.4277,5,0,79
0.1442,49.28,2,0.6517,3,1,151
0.6142,38.93,2,0.4606,22,1,174
0.2326,3.26,2,0.238,8,2,121
0.6661,16.13,0,0.4643,9,1,91
0.3512,44.83,2,0.8497,10,1,180
0.8866,38.42,0,0.2068,0,2,109
0.8193,37.11,1,0.3672,13,0,136
0.4928,33.4,1,0.9903,21,1,131
0.7729,20.76,0,0.9128,19,2,125
0.2711,20.16,2,0.034,6,0,107
0.4943,40.45,2,0.5303,0,0,156
0.1975,14.69,1,0.0654,18,0,54
0.8609,34.24,0,0.9239,20,2,135
0.8231,36.31,0,0.4415,22,1,101
0.9021,42.23,0,0.4184,13,0,117
0.8775,15.99,2,0.2729,11,2,176
0.9596,37.09,1,0.5688,18,2,162
0.2283,5.32,0,0.145,16,0,43
0.9318,6.9,1,0.799,18,2,156
0.5712,20.87,2,0.4912,6,2,165
0.4225,2.76,1,0.5665,21,2,87
0.5604,47.38,1,0.8408,0,0,135
0.3426,45.09,0,0.1851,2,0,67
0.2886,2.45,2,0.1752,15,1,110
0.2413,41.92,0,0.4208,13,2,62
0.0824,25.44,2,0.7861,13,1,146
0.4966,35.1,0,0.0585,21,2,66
0.8878,44.35,0,0.7952,20,0,132
0.6302,28.85,1,0.5008,17,1,124
0.521,5.82,0,0.5618,3,2,82
0.4286,0.13,0,0.5644,2,1,70
0.4644,24.85,0,0.0562,3,2,58
0.2093,47.46,2,0.2498,14,1,135
0.8229,28.63,2,0.7553,17,0,198
0.1984,18.65,0,0.4123,19,2,52
0.7166,1.55,1,0.5605,2,2,109
0.76,45.75,1,0.9449,6,2,165
0.5749,16.36,1,0.0463,8,1,85
0.8629,35.24,1,0.4497,15,1,146
0.2911,34.71,2,0.3613,1,0,141
0.8816,12.69,1,0.1064,20,1,117
0.7294,3.19,1,0.9508,1,0,136
0.7987,19.25,2,0.9615,12,0,202
0.6646,15.86,1,0.3115,22,0,115
0.8463,35.01,0,0.9467,4,1,140
0.9931,40.99,0,0.0352,16,2,94
0.4202,11.12,1,0.9809,13,2,119
0.8139,26.41,0,0.8359,19,2,125
0.7446,2.03,2,0.2143,14,1,155
0.4529,10.71,1,0.5995,20,2,102
0.9269,38.09,0,0.7983,9,2,136
0.3944,39.67,1,0.3193,3,2,92
0.5655,38.82,2,0.3538,16,1,156
0.1059,7.12,2,0.629,23,0,116
0.2258,27.55,2,0.1471,10,1,125
0.8407,21.14,2,0.1182,19,2,170
0.3966,49.57,1,0.2498,21,2,103
0.3941,32.7,2,0.7413,15,0,167
0.246,46.76,2,0.3666,18,0,145
0.4916,7.27,1,0.5074,13,1,91
0.8058,22.54,1,0.1955,19,2,113
0.8952,38.58,2,0.1941,8,2,179
0.0701,18.39,1,0.6505,12,2,75
0.5748,31.63,0,0.1084,1,0,71
0.4673,25.59,0,0.6678,4,2,91
0.6143,49.6,1,0.4007,13,0,116
0.4473,8.69,0,0.6713,17,2,79
0.3986,46.77,0,0.3817,0,2,82
0.4719,20.08,0,0.8461,1,1,95
0.582,23.4,1,0.0556,0,1,88
0.501,26.43,1,0.8933,12,1,127
0.4721,13.27,1,0.2687,8,1,91
0.8178,48.18,1,0.0425,1,2,123
0.7456,45.57,2,0.5624,19,0,184
0.3414,48.65,0,0.2244,12,0,64
0.8006,49.85,1,0.4592,0,2,141
0.8537,33.49,1,0.8023,16,2,151
0.1535,22.58,0,0.7915,21,1,68
0.5827,42.54,0,0.6004,10,0,112
0.2853,1.19,0,0.9779,22,2,83
0.7392,41.72,0,0.4638,10,2,107
0.2388,24.86,0,0.0394,1,0,31
0.6714,33.66,0,0.8194,2,1,117
0.2551,18.7,0,0.2213,1,1,46
0.5111,18.43,2,0.1762,7,2,144
0.9486,1.59,2,0.07,9,2,165
0.3813,21.19,1,0.3279,10,1,82
0.8757,20.42,0,0.3262,11,2,104
0.9869,11.24,2,0.3028,20,1,187
0.8749,12.37,0,0.5932,0,1,109
0.1659,29.21,0,0.7515,21,2,76
0.8197,15.89,1,0.9378,5,1,153
0.0321,41.51,1,0.0941,22,1,66
0.3933,5.57,0,0.1504,3,1,48
0.8707,28.88,2,0.5898,2,0,191
0.6888,8.0,0,0.0981,2,0,69
0.5327,26.41,0,0.3708,7,0,80
0.3879,27.63,1,0.6246,22,2,115
0.8123,32.11,1,0.7805,11,1,149
0.7096,21.37,2,0.2176,3,2,156
0.4684,25.47,0,0.668,15,1,92
0.8925,9.05,1,0.6459,12,0,137
0.2299,23.15,0,0.8596,16,1,81
0.1704,18.65,0,0.3137,17,0,48
0.6428,33.31,1,0.7501,18,0,138
0.972,21.74,2,0.752,3,1,210
0.2473,38.97,0,0.2392,11,0,53
0.2497,21.3,2,0.6212,15,1,139
0.1395,11.79,1,0.6752,13,2,82
0.8606,13.68,1,0.2744,23,0,121
0.2264,2.26,2,0.4518,23,2,117
0.5032,27.0,0,0.4358,19,1,88
0.9909,41.54,0,0.7735,5,0,142
0.0121,38.46,2,0.0007,12,0,94
0.5565,21.89,0,0.501,19,0,79
0.5123,9.81,2,0.1843,6,0,130
0.8074,43.17,2,0.6468,17,0,198
0.3553,2.84,2,0.6804,5,2,153
0.4103,19.96,1,0.5011,3,2,92
0.1679,42.83,1,0.542,5,1,91
0.7408,19.66,2,0.3151,22,2,170
0.7847,5.89,0,0.3133,23,0,88
0.1367,13.3,0,0.7451,20,1,59
0.3935,30.0,1,0.1317,6,0,83
0.8929,7.6,1,0.7715,18,1,147
0.0027,32.75,2,0.655,5,1,138
0.2988,21.91,2,0.8845,3,2,165
0.555,16.72,1,0.2601,6,2,96
0.3341,12.05,0,0.5062,3,1,65
0.272,41.17,0,0.039,15,0,48
0.46,19.83,2,0.9125,16,0,171
0.1815,36.92,1,0.6754,0,0,103
0.5296,22.02,1,0.6229,2,1,117
0.7067,4.59,1,0.7327,11,1,125
0.5753,22.03,2,0.2843,2,2,158
0.0931,25.38,0,0.6039,19,0,50
0.8444,22.89,0,0.8009,9,1,122
0.175,40.81,2,0.0903,9,0,117
0.7648,45.54,1,0.9588,0,1,159
0.3606,39.34,2,0.8919,16,1,172
0.7828,29.14,0,0.963,17,2,127
0.2063,27.07,0,0.8083,18,1,79
0.1867,32.23,2,0.2943,12,0,125
0.497,14.39,2,0.5816,6,2,161
0.0329,40.59,0,0.1202,1,1,36
0.2253,42.84,2,0.7542,7,1,156
0.724,13.36,0,0.1536,13,1,79
0.8374,45.14,0,0.8668,2,0,143
0.0808,42.44,2,0.2406,1,2,123
0.8821,21.22,0,0.1604,5,0,94
0.7975,45.45,0,0.0709,1,0,101
0.8697,6.02,0,0.7114,0,2,121
0.6984,1.4,1,0.1862,11,1,92
0.6742,17.39,0,0.1977,17,2,82
0.5251,28.27,0,0.1697,11,2,70
0.6528,17.57,0,0.3058,2,2,72
0.9191,47.1,1,0.9412,8,2,170
0.1005,12.74,1,0.4866,0,2,76
0.3158,14.06,0,0.2609,14,1,54
0.0725,31.74,1,0.1704,5,2,56
0.9448,0.19,1,0.0189,9,0,108
0.4453,36.38,1,0.365,21,2,98
0.6753,18.87,1,0.1101,14,0,99
0.8411,48.89,0,0.027,18,1,98
0.991,34.57,1,0.103,8,1,137
0.1618,2.61,2,0.3185,22,2,106
0.7995,4.63,0,0.7509,17,0,111
0.8874,4.41,0,0.067,12,0,77
0.0489,47.63,0,0.6787,13,2,63
0.7541,34.2,2,0.6205,14,1,190
0.3547,21.38,2,0.882,3,2,162
0.6486,10.02,2,0.184,6,2,145
0.514,43.68,0,0.7943,16,2,102
0.2597,10.08,1,0.8649,10,1,107
0.1352,35.33,0,0.9765,18,0,85
0.1169,38.17,2,0.8085,12,2,150
0.1033,14.73,1,0.1238,1,0,53
0.6378,25.25,1,0.9471,15,2,139
0.3514,11.15,1,0.815,14,2,90
0.2166,18.95,2,0.2123,8,1,112
0.6919,48.26,2,0.1652,18,0,165
0.6868,34.66,2,0.9364,8,1,194
0.5392,42.33,1,0.1557,2,0,100
0.935,27.03,2,0.7771,2,1,208
0.3854,11.95,2,0.4053,21,1,134
0.8359,35.64,1,0.7238,9,1,144
0.0751,25.03,2,0.0919,9,0,109
0.7398,8.84,2,0.7251,7,2,184
0.9884,20.62,2,0.5119,17,0,195
0.8466,31.74,0,0.9004,14,2,142
0.5797,36.77,2,0.1884,21,0,154
0.6268,12.16,1,0.1094,21,1,94
0.3533,43.8,0,0.1962,23,2,56
0.6795,18.98,1,0.0786,7,1,104
0.7704,13.56,2,0.9802,14,0,197
0.9982,9.76,2,0.1229,8,1,178
0.4925,40.21,2,0.2009,16,1,155
0.0613,17.71,2,0.8097,17,2,133
0.5959,24.17,1,0.2468,6,1,99
0.119,11.14,2,0.2223,20,2,97
0.2448,34.3,0,0.6723,6,1,71
0.3288,39.05,0,0.3988,23,0,76
0.731,16.97,0,0.8355,20,1,118
0.1838,47.25,2,0.6383,0,2,153
0.1658,1.53,1,0.2882,9,0,63
0.045,6.65,2,0.5979,9,1,111
0.8732,29.44,1,0.8665,19,0,169
0.6935,35.07,1,0.3645,17,2,118
0.0399,12.53,2,0.7365,1,1,129
0.0283,27.7,1,0.4158,20,2,69
0.5587,15.92,1,0.5431,5,2,121
0.2825,27.7,0,0.7337,8,2,72
0.5967,32.97,1,0.0605,4,1,92
0.4346,48.64,0,0.4549,3,2,97
0.9233,22.78,0,0.0952,12,1,95
0.2878,32.41,0,0.725,2,2,78
0.6791,28.9,0,0.6078,1,2,113
0.0541,15.88,0,0.3269,18,0,25
0.9559,12.65,0,0.0763,8,2,84
0.9808,49.39,0,0.9258,15,2,152
0.7391,10.34,2,0.315,23,2,157
0.4652,39.51,0,0.2754,1,0,79
0.22,7.33,1,0.101,19,1,53
0.8125,40.22,0,0.5774,2,0,120
0.7364,9.29,2,0.2657,18,2,165
0.222,48.36,0,0.8429,7,2,85
0.4512,34.3,2,0.6828,3,1,156
0.4628,4.51,1,0.0039,5,0,75
0.8264,34.66,2,0.5657,8,1,182
0.6838,30.18,1,0.2318,17,1,111
0.6432,16.88,1,0.0154,16,2,97
0.6498,13.04,2,0.6194,17,0,181
0.2705,35.94,2,0.2049,0,1,130
0.3717,37.07,1,0.8996,23,1,127
0.0457,16.36,2,0.5734,10,2,116
0.7869,43.81,2,0.2092,2,0,180
0.433,13.44,2,0.9791,22,2,168
0.4382,3.49,2,0.5464,19,2,135
0.2454,29.99,0,0.1655,1,1,41
0.2094,5.35,1,0.5172,10,0,82
0.5878,13.83,1,0.9593,21,0,133
0.2326,25.36,2,0.4242,16,0,130
0.0642,14.32,0,0.4253,4,2,44
0.7675,10.75,2,0.4611,16,2,163
0.3765,35.16,0,0.2801,4,0,64
0.3802,27.35,1,0.1618,8,2,74
0.4313,41.99,2,0.5789,4,1,164
0.815,29.06,0,0.8942,16,2,130
0.3208,24.17,2,0.7357,22,0,147
0.758,13.06,2,0.0962,1,0,147
0.9395,39.6,0,0.4008,14,2,129
0.6609,9.84,0,0.0053,5,1,63
0.4317,12.11,0,0.3079,18,2,58
0.7478,42.08,2,0.6694,3,2,194
0.4579,37.06,2,0.2902,8,0,149
0.4144,30.64,1,0.8406,4,1,117
0.5253,1.95,0,0.4774,20,2,72
0.3177,6.36,0,0.6692,1,0,70
0.1043,25.0,0,0.8839,13,2,68
0.4149,37.32,1,0.6828,2,0,116
0.1239,23.21,2,0.8973,14,0,151
0.4104,0.86,0,0.8081,18,1,79
0.5569,9.21,2,0.5671,18,0,158
0.9307,29.44,0,0.2972,0,1,113
0.0362,34.71,1,0.2981,18,1,71
0.6215,1.67,2,0.8753,7,0,180
0.4577,2.17,1,0.0539,16,2,62
0.0203,13.07,1,0.9414,23,0,81
0.2495,4.18,1,0.3271,2,1,69
0.1185,27.1,1,0.7389,8,0,83
0.2168,6.19,0,0.33,20,0,40
0.2746,32.41,0,0.9533,3,0,92
0.4013,38.86,2,0.0365,6,0,143
0.529,48.53,2,0.3533,13,1,153
0.001,47.42,2,0.8675,23,1,154
0.1619,13.67,0,0.2741,7,0,36
0.0936,1.47,0,0.2756,9,0,29
0.5497,16.47,0,0.8988,19,0,105
0.3291,35.42,0,0.8306,2,1,88
0.5484,2.99,1,0.1058,7,2,90
0.2218,17.99,0,0.5802,7,0,58
0.0242,14.9,2,0.2234,9,0,100
0.9414,10.97,0,0.2151,13,2,96
0.1083,35.31,1,0.6154,5,2,84
0.1269,32.95,0,0.1239,9,2,35
0.1465,26.77,1,0.4698,22,0,82
0.9813,45.54,0,0.2558,19,2,124
0.6177,5.16,1,0.8539,22,1,113
0.6103,7.48,2,0.5545,16,0,168
0.9867,19.17,2,0.2151,13,0,183
0.0884,32.79,0,0.9265,5,1,70
0.9745,29.2,1,0.8229,3,2,157
0.204,3.7,2,0.2653,12,2,106
0.6231,47.92,1,0.9611,9,1,149
0.4201,15.25,1,0.2677,18,1,91
0.384,17.95,1,0.2926,0,2,82
0.9312,31.18,2,0.386,21,0,192
0.1492,47.26,1,0.1648,4,1,69
0.9971,33.13,2,0.687,9,0,217
0.3791,47.74,2,0.5573,8,2,164
0.6488,9.38,1,0.8945,22,1,125
0.9679,30.94,0,0.2409,17,2,108
0.0576,41.44,0,0.1702,0,1,44
0.9229,25.45,1,0.3586,20,2,141
0.5678,18.11,2,0.1461,16,2,142
0.7044,49.24,1,0.9462,1,1,164
0.1492,7.05,0,0.7174,18,2,55
0.5334,20.55,2,0.7962,0,1,174
0.6735,43.67,0,0.748,10,2,121
0.4562,45.02,1,0.2428,3,0,107
0.155,49.02,0,0.1407,0,2,50
0.2441,44.24,0,0.4294,13,0,67
0.8544,2.55,2,0.829,16,2,181
0.0345,46.49,2,0.3305,11,1,120
0.7089,21.41,0,0.0096,8,0,74
0.9994,32.58,0,0.6601,12,2,138
0.0075,19.71,1,0.2001,3,0,61
0.161,40.68,2,0.5428,1,1,143
0.6741,28.8,1,0.0149,3,2,98
0.06,42.28,2,0.5088,1,0,132
0.5898,9.69,1,0.3936,18,1,100
0.684,9.25,1,0.8804,14,1,141
0.5881,22.02,0,0.7218,4,2,93
0.3652,0.24,2,0.036,13,1,105
0.6973,34.64,2,0.7895,11,0,182
0.5943,14.8,0,0.7912,2,0,103
0.2076,27.86,2,0.6634,23,0,142
0.5631,3.5,2,0.9293,22,2,169
0.8819,8.53,1,0.8033,18,2,146
0.6668,31.14,2,0.2189,19,1,156
0.4718,15.28,1,0.3815,13,2,99
0.3216,10.74,0,0.3499,19,2,59
0.0859,11.44,2,0.5049,12,2,119
0.2446,10.74,0,0.9537,3,0,86
0.0112,31.14,2,0.6156,4,0,137
0.9866,8.38,0,0.3129,20,2,102
0.2225,18.14,1,0.9415,10,1,96
0.8149,34.39,2,0.7003,17,0,192
0.1686,25.68,1,0.2661,3,1,68
0.2836,29.86,2,0.9065,10,1,174
0.4183,12.55,0,0.3442,2,2,74
0.3244,46.64,0,0.5162,5,1,72
0.7984,20.69,0,0.4792,2,0,114
0.9577,14.35,0,0.9236,4,2,131
0.8753,45.22,0,0.2657,14,1,117
0.1536,32.76,1,0.3333,0,0,70
0.7767,30.7,0,0.6602,4,0,111
0.1479,44.34,2,0.8866,16,1,163
0.9134,2.93,0,0.1149,3,2,81
0.5179,41.88,2,0.2099,13,2,145
0.3364,33.89,2,0.948,20,0,176
0.157,18.0,2,0.7773,18,1,150
0.0118,12.82,2,0.3461,2,2,102
0.2479,5.24,2,0.3576,3,1,120
0.914,47.05,2,0.4695,16,0,196
0.7973,7.1,1,0.6738,8,2,134
0.9698,12.97,1,0.561,10,2,145
0.1008,34.56,1,0.7761,11,1,87
0.5922,35.51,1,0.0542,13,2,97
0.2572,8.04,1,0.819,10,1,97
0.5429,40.71,0,0.0581,0,0,73
0.3205,25.51,2,0.881,2,2,166
0.2835,42.42,2,0.0433,0,0,129
0.5738,4.36,2,0.1278,6,0,124
0.1833,2.14,0,0.1802,19,1,25
0.4691,31.85,2,0.2231,23,0,140
0.6508,7.5,1,0.4018,11,1,110
0.1282,26.25,0,0.6555,0,1,68
0.9306,0.71,2,0.8926,1,2,192
0.5057,39.0,2,0.5245,19,0,173
0.8195,44.98,2,0.5325,8,1,196
0.6539,41.94,1,0.3193,21,1,119
0.71,47.92,0,0.8007,12,0,118
0.7161,45.15,0,0.1105,21,1,85
0.8751,22.2,2,0.3011,3,2,181
0.6136,19.92,2,0.097,20,2,141
0.2782,44.81,0,0.2142,13,0,55
0.0995,46.35,2,0.5866,10,2,138
0.6063,48.64,0,0.126,12,1,84
0.0664,38.42,2,0.1006,7,0,102
0.2413,10.1,0,0.8259,14,2,67
0.0607,47.25,2,0.1183,18,1,118
0.5489,47.36,0,0.6081,19,2,107
0.1603,33.31,1,0.352,23,0,75
0.6104,42.86,2,0.8964,9,0,192
0.7909,28.06,2,0.7076,18,2,190
0.8219,47.21,1,0.0594,21,0,123
0.3095,4.7,2,0.8955,0,1,154
0.549,43.2,0,0.4139,11,1,91
0.563,2.78,1,0.2982,16,2,82
0.4729,16.96,2,0.6728,10,1,159
0.6551,6.77,0,0.718,2,2,97
0.2101,23.96,1,0.3033,15,2,80
0.9792,11.61,1,0.3517,9,2,141
0.0981,47.6,1,0.1563,14,1,71
0.8292,27.97,2,0.5934,0,0,197
0.5941,44.89,1,0.9569,0,0,140
0.2449,13.9,2,0.4166,14,1,127
0.7457,1.3,1,0.9962,23,1,141
0.0845,38.78,2,0.1764,15,0,122
0.7744,35.12,1,0.7961,22,2,139
0.59,27.27,2,0.9281,20,1,187
0.1108,40.77,1,0.6881,6,2,89
0.0795,42.0,2,0.1093,2,1,120
0.7508,29.4,2,0.3265,13,1,163
0.2929,48.3,0,0.0857,14,0,63
0.8893,35.99,0,0.6017,18,0,120
0.7621,33.84,0,0.9981,12,1,142
0.6982,18.07,1,0.3748,22,1,115
0.2786,0.11,1,0.1629,20,2,60
0.7089,12.05,0,0.2686,14,1,82
0.9481,38.2,2,0.5708,13,0,212
0.0916,35.49,2,0.569,0,2,137
0.3262,16.55,1,0.2298,18,1,75
0.2347,31.28,0,0.7507,16,2,74
0.3933,9.76,2,0.088,21,2,114
0.7423,13.18,0,0.623,2,2,103
0.4742,47.37,0,0.4257,3,0,88
0.5707,20.66,2,0.1272,16,1,152
0.3142,12.25,2,0.6344,11,0,133
0.1413,24.36,1,0.673,14,2,82
0.2669,19.35,0,0.44,10,2,65
0.8597,36.48,0,0.798,15,0,138
0.6024,48.11,2,0.5093,15,1,175
0.378,29.59,0,0.2858,4,1,55
0.7899,29.56,2,0.9536,18,1,211
0.0645,18.24,1,0.944,11,1,98
0.2539,28.23,1,0.0956,13,2,69
0.2301,15.97,2,0.9461,14,2,160
0.9854,0.05,1,0.7755,17,1,158
0.7061,43.3,1,0.1066,7,2,106
0.6178,21.47,1,0.5193,0,0,113
0.005,24.6,0,0.035,4,0,14
0.1843,4.18,1,0.5889,23,0,75
0.6355,41.86,1,0.9332,5,2,156
0.3797,8.52,0,0.3682,5,0,55
0.9243,20.53,1,0.5086,20,2,143
0.7647,42.01,1,0.2276,5,2,128
0.4474,22.89,0,0.5409,11,2,73
0.7495,46.56,2,0.8026,8,2,196
0.9754,10.47,2,0.2153,15,1,177
0.461,35.76,1,0.5535,14,2,111
0.6425,48.9,0,0.3546,12,2,99
0.9187,27.48,1,0.7479,12,2,156
0.2487,34.61,2,0.702,20,2,159
0.8866,19.66,0,0.6988,13,2,120
0.0975,37.57,2,0.3778,12,1,124
0.6484,45.44,2,0.5993,21,2,186
0.7828,35.15,0,0.6511,2,1,110
0.6146,46.8,0,0.6808,20,1,114
0.4955,29.43,2,0.5753,4,2,169
0.6173,28.86,2,0.8668,7,0,190
0.1517,15.23,2,0.2488,0,2,120
0.2156,35.48,1,0.0558,13,0,61
0.2699,44.1,1,0.9625,19,1,117
0.5978,32.32,1,0.0607,9,0,95
0.4419,11.65,1,0.903,15,2,117
0.2445,27.21,2,0.6123,9,2,140
0.8828,37.8,0,0.9187,18,0,136
0.3739,46.97,0,0.565,23,0,86
0.446,7.83,0,0.821,17,1,83
0.4097,6.37,2,0.7213,8,2,158
0.1819,20.65,2,0.5251,19,0,132
0.7316,6.28,0,0.3633,0,2,84
0.4485,49.02,0,0.0029,23,1,59
0.0163,21.22,0,0.2509,20,1,36
0.964,26.68,0,0.9518,15,1,147
0.8158,11.35,1,0.2755,14,0,108
0.7236,22.46,1,0.7519,6,1,136
0.8691,49.23,1,0.5085,10,0,146
0.9068,24.43,0,0.3085,2,1,98
0.3375,0.44,1,0.9911,8,0,100
0.611,12.13,2,0.047,14,0,134
0.6088,48.92,1,0.5821,8,1,131
0.2673,49.45,2,0.4615,18,0,155
0.222,10.52,2,0.0765,20,0,109
0.1139,30.76,2,0.2141,13,2,116
0.6593,3.85,1,0.6942,8,0,124
0.7809,28.87,0,0.1083,7,0,84
0.761,6.3,1,0.801,13,2,133
0.3163,40.93,1,0.6251,17,0,105
0.2053,46.98,2,0.1009,3,2,122
0.4536,8.65,2,0.2868,10,0,136
0.5468,23.14,1,0.1372,10,0,88
0.9191,5.1,1,0.7976,6,0,149
0.8748,16.96,2,0.533,5,2,192
0.9161,3.25,2,0.0028,20,0,147
0.8503,13.23,2,0.5429,10,0,180
0.9646,49.51,1,0.4828,13,2,146
0.4655,2.23,1,0.6431,0,1,93
0.0475,42.95,1,0.0348,6,1,47
0.0836,3.87,1,0.0354,5,0,41
0.3903,26.45,0,0.3494,7,1,62
0.2577,22.61,0,0.6885,20,1,71
0.1699,46.58,1,0.6666,13,1,112
0.9532,9.95,1,0.2783,21,1,123
0.1954,8.98,0,0.2161,10,0,29
0.9594,37.44,0,0.6831,18,2,138
0.7608,36.29,2,0.0271,3,2,165
0.6409,34.96,1,0.5568,19,0,134
0.676,1.31,1,0.4241,14,2,100
0.3315,13.0,2,0.2391,0,0,128
0.6464,41.99,0,0.5203,16,0,115
0.1867,30.04,2,0.2172,11,2,115
0.9377,30.11,2,0.5643,0,0,189
0.3018,14.8,1,0.149,20,0,68
0.2552,13.01,1,0.4057,12,1,83
0.7112,47.33,2,0.5104,14,0,197
0.6564,36.39,0,0.0317,13,0,77
0.4513,6.34,0,0.6107,2,0,77
0.6324,46.89,2,0.7503,7,0,189
0.1595,29.12,0,0.9561,16,2,87
0.6733,16.67,2,0.2031,8,2,160
0.2706,19.86,2,0.2087,21,2,123
0.2728,36.27,1,0.3048,7,1,83
0.1622,18.81,0,0.8908,11,1,61
0.3324,28.94,2,0.4069,10,0,138
0.3313,35.52,2,0.3018,0,2,140
0.4542,9.77,1,0.7412,19,2,103
0.1904,47.21,0,0.038,3,1,55
0.193,17.81,1,0.5488,11,0,85
0.5417,20.97,1,0.4502,21,2,99
0.1289,34.93,0,0.6249,23,0,65
0.6889,30.44,1,0.7311,5,0,142
0.9439,22.01,0,0.325,9,2,112
0.4268,32.49,2,0.6364,13,2,159
0.9011,45.14,1,0.5243,16,1,159
0.0983,40.01,2,0.134,6,0,111
0.043,41.21,1,0.8817,13,1,99
0.7214,12.92,2,0.7546,20,2,183
0.761,20.97,2,0.9217,18,2,198
0.8431,27.69,0,0.7204,19,0,125
0.0568,2.21,1,0.2448,21,1,46
0.7769,38.49,2,0.4305,20,0,175
0.3765,16.17,1,0.3869,12,2,89
0.3033,14.13,0,0.0358,23,2,44
0.173,12.96,2,0.4105,11,1,113
0.996,14.17,0,0.3456,17,0,108
0.0637,16.9,2,0.0039,22,1,97
0.827,30.24,2,0.8471,1,0,197
0.6395,29.18,0,0.1439,22,2,81
0.7351,12.79,0,0.501,19,2,104
0.7117,10.32,2,0.7847,23,0,176
0.8584,41.32,1,0.6045,18,2,154
0.1838,4.64,2,0.1694,3,2,97
0.0008,25.64,2,0.6182,7,2,130
0.5985,26.03,0,0.7576,0,0,109
0.3539,28.71,2,0.8548,14,0,166
0.1238,44.28,1,0.3187,10,1,73
0.1861,31.2,2,0.0339,11,0,115
0.3317,48.68,0,0.6079,17,2,89
0.0702,43.57,0,0.2258,19,1,41
0.0569,10.74,1,0.7809,1,1,72
0.916,12.06,1,0.6799,22,0,143
0.3121,17.24,1,0.7732,8,0,95
0.9822,19.58,0,0.9675,18,2,139
0.9644,27.65,1,0.5845,13,1,155
0.1426,11.63,2,0.9043,10,0,153
0.7149,11.12,2,0.6419,5,2,181
0.6008,19.07,2,0.1817,4,0,153
0.6906,33.6,0,0.7993,17,2,124
0.0962,34.41,2,0.6937,7,1,136
0.1886,48.81,1,0.9779,5,1,117
0.0766,10.12,2,0.2434,0,0,96
0.6041,19.64,2,0.3331,20,0,157
0.9866,48.23,0,0.8215,9,1,151
0.672,34.5,2,0.0629,8,1,154
0.7108,29.61,1,0.6332,8,1,128
0.9846,26.98,2,0.5355,14,1,195
0.678,3.78,1,0.1688,11,1,89
0.0402,44.67,0,0.1651,13,0,39
0.867,31.28,2,0.8102,6,1,217
0.3647,28.58,0,0.0154,7,2,48
0.0044,26.98,2,0.7468,20,2,129
0.5072,19.6,0,0.7327,10,1,93
0.937,12.73,2,0.6497,23,1,191
0.2573,37.77,1,0.4095,20,1,82
0.4915,25.48,0,0.0283,17,2,58
0.1738,1.7,0,0.8018,13,1,56
0.0577,19.95,0,0.1257,20,2,23
0.0805,46.43,2,0.2808,1,0,111
0.727,18.69,2,0.9468,11,1,197
0.8641,20.66,2,0.3019,17,1,180
0.1433,31.2,1,0.2551,2,1,72
0.2883,40.08,1,0.9734,4,1,130
0.195,33.42,2,0.0859,1,0,118
0.0269,42.5,0,0.1607,11,1,41
0.5534,5.7,2,0.4383,12,1,144
0.6999,46.23,1,0.7877,11,1,139
0.6479,45.2,1,0.8844,1,1,145
0.3881,25.96,1,0.7556,11,1,104
0.555,31.24,2,0.9762,21,1,198
0.0941,10.64,2,0.0168,0,1,104
0.1543,22.4,2,0.6195,18,0,130
0.9318,10.14,0,0.1163,6,2,90
0.7615,1.1,0,0.9104,1,2,107
0.9227,49.05,2,0.9353,1,1,215
0.9167,12.96,2,0.303,0,2,168
0.6494,29.66,0,0.8277,9,1,114
0.9282,15.01,2,0.6303,11,0,185
0.4167,18.53,0,0.1005,14,2,56
0.0036,19.89,2,0.6028,1,0,124
0.0626,16.75,2,0.9761,15,1,134
0.1095,31.87,1,0.3081,17,1,71
0.0954,48.05,0,0.0011,1,1,35
0.3517,21.43,2,0.9768,16,0,172
0.7013,48.67,0,0.414,2,2,98
0.7906,33.39,1,0.4309,10,1,131
0.5902,30.36,1,0.7126,15,1,126
0.1464,11.86,0,0.6044,20,1,49
0.7479,3.15,1,0.302,12,2,97
0.3548,42.6,2,0.1,10,1,135
0.013,28.7,0,0.8274,20,1,60
0.2806,20.72,1,0.4834,5,2,80
0.3306,40.6,0,0.6725,4,1,91
0.2742,15.53,1,0.8605,11,0,102
0.8119,39.18,0,0.0177,2,0,84
0.7599,16.4,0,0.8594,0,0,112
0.6956,46.04,1,0.7518,8,0,144
0.139,13.4,0,0.9468,3,0,67
0.8078,6.88,0,0.2336,15,1,81
0.6772,34.9,2,0.3224,13,1,159
0.1948,8.14,2,0.6615,11,0,135
0.6481,47.47,0,0.9258,11,1,133
0.4835,32.78,2,0.9927,2,1,188
0.4394,11.54,1,0.4167,9,0,88
0.1121,10.44,0,0.5392,1,0,44
0.5183,46.19,2,0.1706,8,2,151
0.0999,30.39,1,0.694,16,0,86
0.1643,44.69,0,0.8374,23,0,73
0.1325,5.51,0,0.7986,7,1,65
0.9541,46.27,2,0.3458,6,0,189
0.2849,26.0,0,0.9633,16,1,89
0.3552,33.42,1,0.1203,22,2,76
0.3221,18.64,0,0.494,7,1,56
0.8983,2.96,2,0.5546,20,0,172
0.563,47.9,2,0.5365,7,2,173
0.9192,49.73,1,0.7579,15,0,169
0.2999,18.23,1,0.6096,5,0,89
0.1148,47.19,1,0.0771,6,0,65
0.5562,8.39,1,0.1799,23,0,92
0.3455,7.73,2,0.5322,9,2,139
0.8019,3.66,2,0.6945,0,2,181
0.8794,19.56,0,0.5142,18,1,110
0.4726,2.62,2,0.3555,3,2,134
0.9714,19.73,0,0.0511,2,2,87
0.553,6.92,0,0.7859,20,1,92
0.2709,36.53,1,0.4972,8,2,91
0.489,41.67,0,0.5388,3,1,93
0.0373,34.39,2,0.469,23,2,116
0.804,10.02,2,0.2653,6,2,156
0.1014,38.34,0,0.2764,15,2,43
0.3087,12.48,0,0.0635,6,1,44
0.5653,37.97,1,0.7076,13,1,126
0.043,28.37,2,0.2719,16,0,110
0.0793,18.34,1,0.2986,18,1,63
0.6961,4.17,2,0.9935,9,0,186
0.0718,41.38,0,0.3858,14,1,47
0.4771,46.98,1,0.5107,20,0,117
0.3387,33.3,0,0.3865,20,1,66
0.2281,48.23,0,0.2902,17,2,54
0.1888,46.71,2,0.0059,9,0,125
0.7634,9.73,0,0.8549,12,1,113
0.9515,36.56,0,0.4732,23,0,122
0.1402,17.47,1,0.7199,5,0,80
0.9597,24.38,2,0.9587,16,0,213
0.5948,7.85,1,0.0028,19,0,89
0.6417,48.74,0,0.675,11,1,110
0.7099,36.31,2,0.1186,20,0,156
0.7041,13.35,1,0.458,10,2,111
0.8198,18.57,2,0.8468,20,2,203
0.4835,21.12,0,0.0715,15,0,63
0.5334,37.38,2,0.9896,1,2,197
0.3238,46.28,0,0.5808,19,1,84
0.1053,16.07,2,0.395,16,1,110
0.6646,23.63,1,0.0195,5,2,105
0.0336,29.66,2,0.5868,16,2,121
0.2756,19.67,1,0.4949,12,0,86
0.0942,25.21,0,0.2153,22,0,45
0.1907,5.29,0,0.4904,7,1,48
0.6387,8.38,1,0.0128,6,1,98
0.6285,20.06,0,0.9995,1,2,116
0.4211,45.75,1,0.3321,18,1,103
0.0902,17.47,0,0.4802,23,1,45
0.4334,12.49,1,0.7848,16,0,112
0.3527,37.14,0,0.7128,8,1,91
0.7205,47.46,0,0.8886,21,1,131
0.579,22.96,1,0.9413,6,1,143
0.4916,0.43,1,0.1892,16,2,75
0.487,34.41,1,0.3904,14,1,108
0.9663,20.75,1,0.6868,20,0,157
0.7563,33.68,1,0.045,23,2,111
0.497,13.89,1,0.7169,8,1,122
0.4792,0.12,1,0.0049,2,1,73
0.0265,17.22,2,0.9141,3,2,141
0.9425,35.24,1,0.7182,17,1,163
0.3192,19.66,1,0.5655,8,2,100
0.2559,10.96,2,0.4289,3,2,128
0.9994,23.2,1,0.988,19,1,178
0.7187,37.62,2,0.7365,15,2,196
0.0474,5.97,1,0.8073,3,0,85
0.0619,34.59,0,0.8254,17,2,73
0.0255,33.37,1,0.0219,15,2,55
0.5996,18.54,2,0.0547,23,0,144
0.0716,48.52,0,0.1984,23,0,45
0.9334,44.74,0,0.6552,23,0,129
0.9369,15.81,1,0.6239,21,0,133
0.5461,1.55,2,0.3252,19,2,150
0.6166,15.42,1,0.973,16,0,140
0.2919,10.24,1,0.0931,13,0,66
0.064,27.36,1,0.7767,19,1,92
0.7375,45.94,1,0.4809,23,1,140
0.1018,43.52,0,0.4188,2,1,63
0.0856,15.29,1,0.0256,3,1,42
0.3112,21.43,2,0.7278,11,2,161
0.0125,1.83,2,0.7716,7,1,132
0.434,27.21,2,0.319,12,1,153
0.7077,3.17,0,0.517,7,0,88
0.8013,46.93,1,0.6064,18,2,154
0.6043,43.35,0,0.3676,21,0,93
0.8469,10.71,0,0.6156,6,1,107
0.4065,34.97,2,0.4341,18,2,147
0.8488,28.4,1,0.8781,2,1,167
0.5065,40.07,0,0.7185,19,1,100
0.223,23.78,2,0.1105,16,0,118
0.9441,9.59,2,0.7996,17,2,207
0.275,31.99,1,0.3375,11,0,79
0.0262,4.01,2,0.9356,2,2,133
0.2427,29.23,2,0.6034,20,1,150
0.3667,10.64,1,0.0276,2,1,72
0.3513,34.25,2,0.7344,11,2,166
0.5247,41.4,0,0.1307,4,2,75
0.8831,5.48,1,0.8773,20,0,135
0.2923,20.01,1,0.9483,13,1,113
0.5208,36.68,2,0.6953,12,1,184
0.3401,8.19,1,0.5329,7,0,98
0.8218,28.33,1,0.6021,18,1,135
0.1576,33.59,0,0.4289,5,0,54
0.1035,17.74,1,0.0836,17,1,46
0.503,41.6,0,0.9288,23,0,120
0.6719,25.53,1,0.3292,6,0,107
0.7955,31.35,1,0.3128,16,2,118
0.5896,7.04,2,0.1913,7,0,141
0.7738,1.16,1,0.9924,22,0,143
0.3927,2.54,0,0.9426,21,0,87
0.0329,45.2,1,0.3494,7,0,72
0.1161,44.13,0,0.26,5,2,51
0.0387,40.38,1,0.8054,1,2,95
0.3289,9.98,0,0.4226,16,2,56
0.4955,26.27,0,0.9678,22,2,104
0.3563,39.81,2,0.9012,3,0,171
0.5606,33.73,0,0.7595,19,1,104
0.4806,5.78,1,0.0899,18,0,80
0.6779,44.78,2,0.7021,11,0,189
0.667,8.03,1,0.9873,5,1,143
0.3181,8.59,2,0.3733,15,2,114
0.3462,45.05,1,0.8816,14,0,126
0.5851,24.23,2,0.4081,19,0,168
0.5964,18.64,1,0.9713,13,2,142
0.3147,27.68,0,0.6536,1,0,73
0.3303,49.07,2,0.0965,4,1,136
0.694,5.98,2,0.479,9,0,157
0.6474,37.85,2,0.0497,11,2,156
0.1351,16.72,0,0.3951,8,1,40
0.441,5.85,2,0.9154,21,0,164
0.8927,21.1,1,0.2322,6,0,121
0.0363,27.44,2,0.9506,16,2,143
0.8552,10.3,2,0.0999,8,2,165
0.1632,20.26,0,0.6648,23,2,64
0.5072,31.78,1,0.9657,21,0,133
0.4243,28.82,0,0.6542,18,2,86
0.0101,36.16,0,0.899,18,1,78
0.9154,41.82,1,0.991,15,2,164
0.4549,20.46,1,0.6418,14,1,106
0.9543,21.15,1,0.7823,13,1,155
0.2867,24.83,2,0.032,0,1,108
0.8663,28.32,0,0.4273,22,0,117
0.9224,5.42,0,0.2883,23,2,88
0.5568,15.63,2,0.8242,12,1,170
0.2027,8.59,0,0.6776,20,0,65
0.6852,19.29,0,0.6144,9,2,96
0.549,48.67,1,0.9316,2,0,149
0.9445,29.14,0,0.0889,20,2,93
0.4393,21.47,0,0.9538,12,0,99
0.2685,28.3,0,0.1008,22,1,49
0.1383,33.45,1,0.347,5,1,84
0.6986,21.75,2,0.6303,11,2,179
0.9741,22.39,2,0.3415,16,0,183
0.0283,35.07,2,0.6825,3,0,134
0.7404,3.04,2,0.7754,23,0,185
0.9269,27.0,1,0.8285,14,0,159
0.0748,27.37,1,0.1793,4,1,51
0.1102,37.84,2,0.1821,17,1,116
0.692,49.13,0,0.0523,21,2,96
0.648,39.79,2,0.4909,8,1,175
0.0688,25.19,2,0.1375,14,1,102
0.8344,8.47,1,0.3186,17,0,118
0.5234,29.41,1,0.8404,3,0,133
0.9072,41.71,2,0.9487,12,2,223
0.878,46.62,2,0.8221,13,1,222
0.8125,41.27,0,0.0006,7,1,88
0.5159,9.45,2,0.568,7,1,153
0.2517,35.63,1,0.1667,15,1,81
0.506,44.01,0,0.3757,18,2,78
0.1008,34.05,0,0.4279,9,0,53
0.6588,34.29,2,0.9429,3,1,196
0.134,25.01,1,0.6337,18,0,84
0.5112,31.85,0,0.2677,4,0,77
0.0544,14.72,1,0.6428,0,2,66
0.2995,4.44,1,0.9519,7,2,106
0.2321,41.39,0,0.0592,19,2,44
0.62,47.16,1,0.816,18,0,141
0.7868,42.84,1,0.2169,7,0,128
0.0573,16.7,2,0.1531,12,1,105
0.8503,4.68,1,0.8989,23,2,148
0.8608,14.01,0,0.0018,17,2,77
0.3423,42.14,1,0.7411,18,2,114
0.659,32.79,2,0.0872,2,2,158
0.4026,48.33,0,0.618,5,2,101
0.1542,17.13,2,0.6209,2,0,127
0.5287,27.57,0,0.8628,23,1,102
0.0864,39.5,1,0.8226,8,1,97
0.8785,11.7,1,0.6852,11,1,145
0.9243,48.2,2,0.3805,13,2,193
0.8216,29.62,2,0.1664,12,2,179
0.5625,0.39,2,0.6357,1,1,150
0.5576,1.26,2,0.497,21,1,149
0.9846,44.11,2,0.0779,9,2,179
0.2479,32.26,0,0.9556,22,0,84
0.0759,38.15,1,0.3144,18,0,82
0.5619,39.2,2,0.0021,16,1,145
0.3288,21.02,0,0.9017,16,0,84
0.3223,39.93,1,0.5771,23,1,106
0.0071,46.88,1,0.7331,7,1,92
0.5962,8.61,2,0.1527,7,1,140
0.264,38.21,0,0.4046,16,1,70
0.1879,15.39,0,0.6451,5,2,56
0.0404,16.07,0,0.251,19,0,27
0.3644,20.64,1,0.7015,0,1,100
0.879,43.19,1,0.2336,21,2,143
0.3367,1.1,1,0.2091,8,0,63
0.6791,21.7,0,0.0116,0,1,68
0.7565,34.0,0,0.2819,14,2,99
0.3281,5.52,1,0.2467,6,1,66
0.8216,39.61,0,0.7644,7,0,123
0.6919,47.1,2,0.5697,11,0,190
0.5592,4.55,0,0.1778,13,0,67
0.001,7.65,2,0.5681,3,0,122
0.0351,48.7,1,0.2254,1,2,73
0.9909,9.89,2,0.4255,11,0,183
0.7823,3.95,2,0.8882,8,2,186
0.9376,47.61,1,0.7193,13,2,168
0.9023,44.63,2,0.6511,17,2,207
0.0204,32.79,0,0.2815,14,2,42
0.7918,27.57,0,0.1246,2,1,83
0.4511,45.96,1,0.7529,23,2,121
0.7896,32.78,2,0.5679,17,1,189
0.0067,32.92,2,0.6228,1,0,129
0.2882,42.18,1,0.9751,18,2,126
0.7513,32.66,0,0.3483,21,2,98
0.793,25.18,2,0.8007,13,2,208
0.6197,19.49,1,0.559,19,1,119
0.3013,25.16,0,0.2353,21,0,45
0.3104,26.12,0,0.0529,23,1,40
0.9668,18.04,2,0.616,22,2,207
0.4392,22.41,2,0.2976,4,2,140
0.4471,40.09,2,0.6955,0,1,178
0.5523,20.83,0,0.7007,15,2,94
0.4095,1.28,2,0.4555,16,0,137
0.5527,14.15,0,0.5364,13,1,86
0.4323,11.59,2,0.6265,5,0,156
0.8267,39.68,2,0.4686,22,2,180
0.9091,22.46,1,0.8774,9,0,150
0.9321,14.02,0,0.0759,17,1,93
0.5643,40.54,2,0.9798,14,2,193
0.4421,0.96,0,0.0335,21,0,37
0.7052,8.71,1,0.2081,17,1,105
0.8383,41.35,0,0.7083,15,0,133
0.563,27.53,1,0.085,20,2,86
0.7,38.68,2,0.2622,1,2,171
0.7497,41.91,2,0.154,16,0,164
0.6764,47.1,1,0.7236,14,1,142
0.7461,3.17,0,0.5789,18,2,95
0.2086,39.96,2,0.0645,5,0,123
0.4984,35.44,1,0.4601,14,1,117
0.5883,10.35,0,0.2085,6,0,76
0.0025,46.59,2,0.9677,2,2,154
0.856,20.21,2,0.1079,13,1,162
0.61,44.38,0,0.5981,0,1,102
0.1291,30.26,0,0.4818,2,2,49
0.8164,26.34,0,0.5781,12,2,105
0.7171,7.98,1,0.9565,21,0,139
0.7583,45.72,0,0.3413,17,1,101
0.392,27.83,1,0.7488,0,0,109
0.8542,0.3,2,0.4475,2,1,173
0.414,0.91,0,0.6608,10,2,70
0.5705,38.88,2,0.3657,10,2,167
0.0006,8.1,0,0.2271,0,2,22
0.6449,29.94,0,0.0836,6,1,78
0.7182,34.05,2,0.1018,3,2,169
0.5671,13.97,1,0.9594,13,2,135
0.4966,28.47,2,0.7885,15,1,180
0.8099,12.01,1,0.245,9,0,114
0.6814,47.32,1,0.5291,13,0,138
0.2781,43.01,2,0.7142,4,1,152
0.9591,14.4,2,0.3525,20,2,191
0.7073,26.44,2,0.44,0,2,170
0.9879,25.03,1,0.7184,12,0,151
0.9713,48.0,2,0.2275,7,2,186
0.9189,19.7,0,0.5263,10,2,112
0.7554,28.11,1,0.2101,12,1,117
0.6094,46.44,0,0.0031,15,1,68
0.1722,8.14,0,0.6903,22,1,55
0.5434,27.52,0,0.7073,13,2,98
0.7654,5.28,1,0.9957,5,2,144
0.5209,30.87,2,0.181,12,0,154
0.8682,18.28,1,0.7396,12,1,138
0.1097,48.38,2,0.948,20,0,161
0.3809,20.77,1,0.6446,13,2,109
0.506,6.81,1,0.9631,20,1,113
0.4323,41.7,0,0.9944,15,0,111
0.1086,41.04,2,0.8016,13,0,149
0.1535,34.74,0,0.9993,7,0,83
0.8376,37.44,0,0.6258,6,1,115
0.4844,13.24,2,0.4971,2,2,151
0.0487,32.1,1,0.9176,13,0,102
0.0165,1.9,0,0.831,22,1,48
0.4735,9.84,1,0.1101,0,1,80
0.1644,46.61,1,0.3027,22,1,87
0.7051,36.96,0,0.2606,20,2,93
0.7953,11.53,2,0.8553,10,0,188
0.2283,5.57,2,0.2332,7,1,103
0.5922,47.45,0,0.304,13,2,88
0.1544,5.61,1,0.5188,20,2,75
0.3036,12.85,0,0.0761,0,1,40
0.8888,9.13,2,0.9612,10,1,213
0.5441,0.37,1,0.4911,1,2,92
0.8859,15.71,0,0.1904,15,1,93
0.2252,48.71,1,0.2708,1,1,96
0.33,17.1,1,0.7981,7,1,114
0.471,25.22,1,0.634,17,1,110
0.4801,37.3,2,0.4646,18,2,149
0.9976,27.55,1,0.3316,5,0,137
0.1144,37.18,1,0.9007,12,0,111
0.852,33.08,0,0.7726,4,1,129
0.8637,30.43,1,0.7181,14,2,142
0.5532,32.48,0,0.446,0,0,91
0.344,39.96,2,0.9812,19,2,175
0.5192,35.51,0,0.7101,0,0,90
0.2925,39.59,2,0.4236,14,1,145
0.7991,7.28,1,0.9606,9,1,144
0.4983,33.88,2,0.8957,5,0,186
0.9258,36.85,1,0.74,13,2,162
0.6227,15.0,0,0.767,3,0,105
0.5143,43.73,2,0.4236,13,1,167
0.7111,15.24,2,0.5074,15,1,173
0.5039,12.19,0,0.1915,10,1,56
0.9045,43.35,0,0.5954,8,0,130
0.1844,12.35,1,0.3699,11,1,55
0.9733,20.78,2,0.3474,22,1,192
0.8122,18.4,1,0.9482,18,1,148
0.8607,44.9,0,0.1648,0,2,107
0.4829,22.76,2,0.83,6,2,176
0.8372,34.72,1,0.2815,0,0,121
0.3068,39.7,1,0.0287,5,2,75
0.7619,31.4,1,0.0405,18,2,113
0.1405,47.18,0,0.4292,20,2,57
0.3071,40.13,0,0.4545,10,2,64
0.4457,20.01,1,0.3203,16,0,88
0.3223,47.54,1,0.6688,8,1,109
0.387,26.23,0,0.4853,11,1,66
0.8201,1.13,0,0.0741,19,2,69
0.2567,13.0,2,0.3481,6,2,122
0.7453,31.09,0,0.102,7,0,81
0.0737,7.84,0,0.0629,3,2,15
0.7657,29.2,1,0.2083,5,2,116
0.792,18.08,2,0.7006,0,1,180
0.4017,26.72,2,0.696,19,1,160
0.7225,0.09,1,0.8614,20,1,132
0.9151,42.42,2,0.7564,10,2,208
0.8007,18.1,1,0.5355,14,2,127
0.3904,7.01,2,0.3126,5,1,129
0.4842,21.9,0,0.0058,1,2,54
0.7794,24.31,0,0.6471,12,0,110
0.2926,31.87,2,0.2897,3,1,138
0.8039,26.23,2,0.2501,20,1,171
0.3281,2.18,2,0.9748,6,0,159
0.806,43.58,1,0.1742,17,1,136
0.0868,22.83,1,0.0324,6,2,49
0.0444,3.85,0,0.9494,3,2,68
0.9977,38.64,1,0.306,13,2,148
0.8695,33.01,2,0.3934,4,0,182
0.8828,32.47,0,0.0809,9,0,97
0.9513,21.35,1,0.4041,7,1,141
0.4383,20.52,0,0.9722,21,0,97
0.2868,26.82,1,0.694,12,0,94
0.13,2.53,2,0.4738,17,1,115
0.5012,14.95,2,0.3075,14,2,136
0.22,49.39,1,0.366,21,2,86
0.9356,33.11,2,0.6112,10,0,204
0.004,20.95,2,0.2545,20,2,109
0.1432,11.12,2,0.1519,21,1,100
0.2465,37.26,2,0.6962,22,0,155
0.199,13.01,1,0.8695,16,1,93
0.2258,8.12,2,0.9015,23,0,142
0.656,7.73,0,0.8414,17,2,104
0.3275,36.46,2,0.5306,7,2,152
0.615,32.14,2,0.7888,3,2,184
0.8903,3.49,1,0.9264,5,0,154
0.6026,5.75,0,0.0234,13,1,64
0.6945,31.69,1,0.4121,3,1,124
0.3655,28.56,2,0.2041,5,2,137
0.1597,34.3,0,0.9968,15,1,84
0.3206,8.9,2,0.9296,7,1,157
0.9643,36.33,2,0.8022,16,1,219
0.6218,46.8,1,0.2959,23,0,118
0.2775,30.05,2,0.9521,2,2,166
0.4509,9.81,2,0.0293,15,2,125
0.8355,33.98,1,0.188,19,0,119
0.6684,17.15,2,0.6169,3,1,177
0.5607,2.46,2,0.793,18,2,170
0.8852,15.12,0,0.8836,12,0,125
0.6724,45.28,2,0.3005,15,1,175
0.6427,20.56,0,0.3908,1,1,80
0.1898,43.23,1,0.4548,10,1,90
0.1064,25.43,2,0.027,8,1,105
0.9651,25.85,2,0.864,3,2,204
0.5989,0.26,0,0.3379,18,0,71
0.4157,31.86,1,0.1993,12,0,94
0.589,5.39,0,0.4092,21,1,69
0.0618,23.94,0,0.7106,3,2,56
0.8221,13.02,2,0.8709,17,1,198
0.2166,19.62,0,0.2154,14,0,40
0.8045,26.85,2,0.1726,15,0,168
0.5344,0.72,1,0.9438,7,2,125
0.2766,14.23,0,0.5509,16,0,50
0.0302,49.48,2,0.3658,5,0,120
0.8158,2.87,0,0.1993,18,1,77
0.1765,15.97,0,0.9952,10,1,69
0.0518,16.07,0,0.7192,11,0,52
0.7559,18.97,2,0.2179,13,0,157
0.35,34.24,1,0.0913,2,0,85
0.3893,12.39,1,0.1993,8,1,68
0.2471,23.01,0,0.2477,4,2,47
0.8592,32.24,2,0.1111,23,0,170
0.2973,16.12,2,0.2297,10,1,120
0.2102,47.44,0,0.1168,0,0,44
0.3092,48.98,2,0.3777,0,2,145
0.2031,5.98,1,0.4862,21,0,70
0.3177,17.19,2,0.4553,3,0,141
0.0829,10.4,0,0.8292,0,0,51
0.1585,9.34,2,0.254,5,1,104
0.4171,24.55,0,0.8871,5,2,93
0.8795,28.19,1,0.9081,1,0,152
0.0573,21.28,0,0.9598,23,1,66
0.2127,13.63,0,0.181,1,0,34
0.9083,13.93,0,0.2458,17,0,102
0.89,49.61,2,0.6238,20,0,209
0.6795,46.18,0,0.1409,15,2,88
0.2405,3.79,2,0.0856,3,1,100
0.4198,32.83,1,0.0737,17,1,97
0.2112,22.84,0,0.6061,7,0,61
0.1286,34.44,1,0.8047,9,0,91
0.38,29.85,1,0.2589,6,2,95
0.5758,44.46,0,0.9335,18,1,130
0.3599,3.35,1,0.7919,13,0,99
0.6108,17.48,2,0.0775,3,1,133
0.2963,49.27,2,0.4073,9,1,154
0.3459,9.11,1,0.068,19,1,65
0.7907,6.37,2,0.9152,22,1,202
0.8783,36.45,2,0.7428,22,2,209
0.322,38.87,0,0.6865,3,0,90
0.5715,33.61,1,0.6827,20,1,129
0.2782,38.81,2,0.2852,13,2,143
0.0533,34.69,0,0.9335,17,2,71
0.7379,6.79,1,0.9228,9,2,137
0.171,30.41,2,0.7395,15,2,146
0.4257,38.84,0,0.4689,6,0,91
0.487,43.28,2,0.0471,12,2,138
0.1845,12.31,2,0.0283,5,0,103
0.0946,6.37,1,0.1381,9,1,50
0.348,39.05,1,0.5958,9,1,103
0.9523,12.83,1,0.7981,20,2,153
0.6151,1.6,1,0.9485,15,2,128
0.3814,41.26,1,0.1754,15,2,91
0.0389,25.3,1,0.2755,6,0,61
0.6003,16.33,1,0.0541,10,2,92
0.0923,0.57,2,0.989,11,2,141
0.5425,1.77,2,0.7809,18,0,167
0.752,39.63,1,0.4807,4,1,136
0.4236,24.49,1,0.5756,1,0,107
0.2994,7.49,0,0.5622,12,1,63
0.0474,17.93,0,0.2544,19,0,32
0.0248,8.27,1,0.1854,17,1,39
0.43,5.64,0,0.297,19,0,55
0.8833,13.82,2,0.2472,9,2,178
0.2441,27.48,0,0.5575,5,2,54
0.5741,10.5,0,0.3082,15,2,75
0.6843,17.18,0,0.7289,0,2,103
0.0608,23.9,0,0.5679,21,1,50
0.1531,21.0,1,0.5323,17,0,72
0.3313,6.43,2,0.9513,12,1,151
0.6701,1.94,2,0.3224,4,1,156
0.439,1.77,0,0.6353,6,0,70
0.7342,17.51,0,0.0001,23,0,78
0.8676,35.94,1,0.7369,0,0,163
0.7584,6.56,0,0.5025,0,2,96
0.9922,39.35,2,0.2084,8,0,192
0.7544,35.78,0,0.0015,5,2,88
0.8522,0.2,1,0.7069,16,2,135
0.8324,1.34,1,0.6627,1,0,134
0.7303,9.75,1,0.6654,18,0,127
0.8018,2.81,1,0.4375,18,1,121
0.9347,26.57,2,0.6393,5,0,203
0.4752,1.98,1,0.5713,13,2,105
0.6383,40.13,1,0.2389,16,2,113
0.5149,24.65,2,0.5188,20,1,156
0.851,36.4,2,0.5146,17,0,191
0.4314,37.54,2,0.8236,23,2,179
0.8197,25.34,0,0.4335,2,1,104
0.7994,46.27,2,0.4361,14,1,191
0.9619,49.51,2,0.9844,18,2,232
0.2489,17.96,2,0.8945,5,0,144
0.7096,6.29,2,0.2423,5,1,154
0.7569,18.16,1,0.9103,2,2,147
0.9363,11.17,2,0.138,23,2,172
0.9069,26.55,1,0.8534,20,0,161
0.5735,18.92,2,0.1833,2,0,152
0.5792,24.02,1,0.4256,5,2,114
0.1673,38.16,2,0.9839,10,1,157
0.975,13.7,2,0.097,21,2,176
0.255,26.87,2,0.8398,19,2,157
0.7247,16.76,0,0.4947,21,0,92
0.7958,39.25,2,0.111,19,0,173
0.4412,31.98,0,0.9525,15,1,107
0.2112,0.43,2,0.5492,6,0,123
0.189,33.0,0,0.8806,14,2,74
0.8565,8.51,0,0.8691,11,0,117
0.5108,36.22,1,0.0146,22,2,89
0.0901,28.37,1,0.2648,10,2,68
0.717,20.07,2,0.3369,18,1,169
0.2502,34.7,1,0.5349,4,0,91
0.8764,42.83,0,0.0719,16,2,101
0.3096,38.94,1,0.389,10,1,97
0.2003,27.27,1,0.8146,10,0,102
0.0849,36.13,1,0.1732,18,1,54
0.5115,20.7,1,0.7013,11,2,109
0.4507,39.45,2,0.4603,1,2,159
0.7513,41.45,2,0.0707,9,2,168
0.4646,6.86,0,0.1774,23,1,58
0.3438,11.9,0,0.141,22,0,37
0.2617,13.5,0,0.6197,14,2,71
0.2781,8.3,0,0.0873,15,2,34
0.9278,19.63,2,0.823,6,1,208
0.1651,9.65,1,0.8067,18,2,94
0.9882,29.78,1,0.0801,14,1,129
0.3269,5.08,1,0.8882,0,2,102
0.0884,13.5,2,0.9592,22,2,142
0.2487,33.28,2,0.0435,20,1,122
0.0584,19.93,1,0.9503,1,0,95
0.79,21.07,1,0.2795,10,2,126
0.5126,39.9,1,0.6648,17,2,129
0.337,49.23,2,0.1748,17,2,144
0.662,28.25,2,0.8175,4,2,187
0.6306,3.95,0,0.8419,0,1,99
0.9399,5.15,2,0.9783,23,2,210
0.9613,48.43,1,0.9925,21,0,181
0.6807,33.96,2,0.0759,17,1,164
0.8178,37.62,2,0.658,15,2,200
0.7924,33.79,2,0.273,16,2,177
0.4913,8.98,0,0.1256,10,1,59
0.7045,22.42,0,0.1488,16,1,85
0.0783,39.9,2,0.9364,7,1,152
0.758,43.32,0,0.6836,2,2,120
0.9618,11.87,0,0.0505,7,2,81
0.085,29.8,0,0.9842,7,0,80
0.8361,7.86,1,0.8078,7,0,144
0.933,47.91,0,0.3092,11,2,128
0.2262,12.61,0,0.4709,3,2,50
0.5248,36.33,1,0.7266,9,0,122
0.9279,11.56,1,0.676,11,1,148
0.9602,30.8,1,0.4631,4,1,137
0.1279,32.96,2,0.5124,10,0,134
0.349,16.42,2,0.0432,16,1,123
0.6981,40.94,0,0.5006,9,2,114
0.2216,44.27,2,0.3402,0,0,137
0.3248,42.75,0,0.2851,16,2,69
0.0233,16.54,1,0.2696,13,0,56
0.1535,37.22,1,0.6489,10,0,92
0.5623,27.97,2,0.4293,0,1,165
0.6531,29.63,0,0.4258,2,2,92
0.6489,23.87,2,0.1592,1,2,151
0.7784,30.01,1,0.9619,20,2,156
0.4153,6.78,2,0.2239,7,2,123
0.2735,20.44,2,0.4061,10,2,129
0.0156,8.88,1,0.1902,16,1,47
0.2066,14.01,0,0.7031,15,0,61
0.3124,6.39,2,0.4361,1,2,132
0.1782,10.62,1,0.4136,22,0,69
0.0201,39.1,1,0.8751,6,1,98
0.1574,27.49,1,0.7595,18,2,93
0.6661,1.18,0,0.5199,19,0,84
0.6296,39.43,0,0.4686,12,2,93
0.9357,45.47,2,0.9599,3,0,224
0.7982,44.02,0,0.9565,13,0,140
0.5678,41.15,1,0.7048,5,1,135
0.1376,49.61,2,0.7601,20,1,146
0.5641,29.32,0,0.8991,18,1,111
0.0616,48.13,1,0.9643,19,0,105
0.4309,47.44,2,0.0823,19,0,137
0.3903,15.66,2,0.9973,4,1,168
0.4278,43.17,0,0.703,0,0,109
0.2798,39.62,1,0.5927,15,1,96
0.6858,38.79,0,0.4132,14,2,94
0.8409,44.81,1,0.3364,20,0,132
0.7685,19.21,0,0.8042,15,0,121
0.6278,20.0,2,0.6544,19,1,174
0.5383,32.0,0,0.2007,8,0,78
0.0311,36.89,2,0.6099,2,1,128
0.7229,43.99,1,0.1412,0,1,120
0.545,43.79,2,0.4969,10,1,174
0.2707,36.07,0,0.5835,0,1,74
0.3278,47.84,0,0.6357,12,2,93
0.9356,8.93,1,0.1453,9,0,123
0.6244,47.52,2,0.0956,6,0,153
0.4759,3.21,2,0.2587,14,2,130
0.6209,27.78,2,0.607,16,0,177
0.4137,4.51,1,0.9317,0,1,122
0.4702,28.4,2,0.7791,11,1,170
0.2903,19.51,1,0.7457,22,1,94
0.4399,4.08,2,0.3302,7,1,138
0.6856,32.41,2,0.1117,18,0,156
0.0399,36.56,2,0.8919,8,0,143
0.795,8.71,1,0.5009,6,0,124
0.283,34.72,1,0.1005,20,2,82
0.6826,8.95,1,0.535,8,2,127
0.6427,6.87,2,0.6754,20,0,175
0.6526,7.37,2,0.3199,15,0,147
0.6081,29.95,2,0.0092,19,0,140
0.9591,38.94,2,0.6216,19,2,202
0.5083,29.84,2,0.0401,21,2,139
0.7323,40.47,2,0.4328,13,1,182
0.7054,29.57,2,0.8248,22,2,203
0.2363,39.87,2,0.9988,1,0,165
0.2833,48.83,0,0.3703,11,1,64
0.424,19.55,2,0.0201,9,2,127
0.2777,7.5,1,0.4929,2,0,82
0.3667,6.77,2,0.2763,20,1,122
0.391,29.87,1,0.8928,19,1,133
0.6039,27.36,1,0.7115,17,0,130
0.2199,9.21,2,0.4043,15,0,124
0.8043,44.11,1,0.762,14,2,161
0.4375,47.84,2,0.3412,9,1,155
0.7062,12.66,0,0.5218,16,0,88
0.0814,10.34,2,0.9228,23,2,140
0.47,10.7,1,0.2002,6,1,79
0.0282,19.37,2,0.3131,8,1,101
0.6759,42.66,0,0.8856,2,1,117
0.3437,29.8,1,0.4619,21,1,103
0.9493,3.38,1,0.3179,12,2,126
0.3241,23.65,0,0.0373,14,2,48
0.5638,4.52,1,0.419,6,1,96
0.2574,20.31,1,0.5006,0,0,88
0.6201,20.18,2,0.4063,19,0,157
0.467,32.42,2,0.2775,20,0,146
0.3706,27.47,1,0.3691,8,0,102
0.2037,43.74,1,0.6424,18,2,104
0.1115,0.81,0,0.8913,13,1,66
0.1199,38.7,2,0.6497,15,0,139
0.999,1.13,2,0.6462,4,2,200
0.4123,15.21,2,0.8169,14,0,171
0.0019,43.98,1,0.1651,3,1,66
0.9529,34.52,1,0.3011,5,0,146
0.02,8.6,2,0.0506,8,1,95
0.4186,24.54,2,0.3496,5,1,154
0.7175,36.1,0,0.9988,21,2,127
0.9146,46.87,1,0.3293,0,1,149
0.7129,31.72,1,0.8598,21,1,145
0.4636,1.23,1,0.0858,3,1,77
0.9744,24.99,1,0.4597,20,1,140
0.0393,7.65,0,0.3515,8,1,29
0.9869,2.39,1,0.2016,22,2,127
0.8494,29.93,0,0.3725,12,1,111
0.9289,38.85,0,0.6513,11,2,133
0.2548,1.8,0,0.4903,3,0,55
0.1425,39.18,1,0.8443,10,2,104
0.6633,35.32,1,0.9049,13,2,156
0.5159,37.6,1,0.4819,23,2,123
0.5232,12.24,0,0.9817,6,2,102
0.9246,19.68,2,0.072,1,1,165
0.6201,5.99,1,0.2763,6,1,90
0.3111,11.94,1,0.4167,5,0,84
0.4001,15.14,1,0.5827,22,1,103
0.1335,15.97,1,0.5459,3,0,73
0.1923,8.75,1,0.568,23,2,75
0.1434,9.44,2,0.8963,2,2,146
0.8103,45.07,2,0.2776,19,0,173
0.7049,39.19,2,0.8169,9,2,198
0.5303,17.22,1,0.558,1,0,103
0.3744,47.38,1,0.4905,14,2,117
0.6685,11.95,0,0.2994,17,2,77
0.8129,20.34,1,0.3041,20,2,119
0.8812,40.68,2,0.3885,4,0,183
0.547,22.14,0,0.7635,14,0,100
0.8199,11.73,2,0.4767,13,0,174
0.5113,18.43,2,0.1538,10,2,143
0.4745,25.04,1,0.7599,21,1,114
0.8654,31.03,1,0.6634,10,0,150
0.3864,20.28,2,0.9492,9,1,164
0.3959,21.57,0,0.5294,12,1,75
0.3049,13.2,0,0.6544,22,1,60
0.5187,26.77,0,0.4793,20,1,95
0.5449,10.97,2,0.6808,17,0,157
0.6605,43.38,1,0.4361,1,1,131
0.4305,37.37,0,0.1379,7,2,68
0.2178,20.51,0,0.9867,0,2,74
0.8668,37.36,1,0.7204,2,0,161
0.346,0.35,1,0.6086,19,1,92
0.9229,17.22,0,0.4814,19,2,115
0.2074,22.02,0,0.7114,2,1,70
0.5601,23.49,2,0.1268,10,0,131
0.5366,37.44,2,0.3261,6,1,164
0.8286,48.14,0,0.1247,1,0,101
0.1389,19.0,1,0.126,9,1,64
0.9099,17.53,0,0.0213,2,1,87
0.5314,30.53,1,0.7559,17,0,123
0.5861,14.06,0,0.2273,23,0,75
0.5102,7.07,2,0.832,10,2,167
0.036,48.08,2,0.9044,5,1,152
0.4971,40.48,2,0.1686,11,1,149
0.2635,47.92,0,0.7089,23,0,83
0.3427,10.89,2,0.4603,3,0,132
0.6491,0.89,1,0.919,16,1,128
0.4977,21.86,0,0.4844,2,1,89
0.0932,46.68,0,0.3789,7,0,54
0.073,6.92,2,0.2946,10,2,102
0.1857,5.86,2,0.9036,9,1,154
0.1909,3.45,2,0.2262,4,0,101
0.6083,38.25,0,0.8277,18,0,110
0.1778,39.3,1,0.1942,16,2,64
0.8817,34.77,2,0.6434,10,1,189
0.2098,2.66,0,0.4511,10,1,53
0.0911,36.16,0,0.1046,1,0,37
0.8757,22.43,0,0.1259,15,2,91
0.2953,7.89,0,0.2815,5,2,58
0.4254,14.76,2,0.7667,7,0,166
0.959,25.06,0,0.7289,20,2,138
0.9444,16.48,0,0.2051,15,1,101
0.7149,48.49,0,0.4762,16,0,114
0.0689,23.74,2,0.097,6,2,110
0.5933,18.61,1,0.7159,12,0,118
0.9891,33.66,2,0.7933,0,2,218
0.9469,32.53,0,0.8935,5,0,144
0.106,0.12,1,0.8857,19,0,75
0.396,30.92,2,0.3379,11,0,149
0.3155,12.19,2,0.2545,15,0,126
0.1297,18.76,1,0.8966,18,1,93
0.6948,35.32,0,0.146,22,2,78
0.2738,27.87,0,0.0593,1,1,42
0.3449,18.43,1,0.3142,13,1,78
0.0904,8.37,1,0.7603,23,2,80
0.498,25.27,0,0.6942,4,1,93
0.1582,15.97,0,0.9871,20,2,81
0.4321,45.65,1,0.3595,13,1,105
0.1433,26.72,0,0.2758,7,0,45
0.9538,43.3,1,0.3782,18,0,136
0.145,19.51,0,0.7823,20,0,75
0.5219,41.37,0,0.2143,3,2,69
0.197,2.83,0,0.9477,16,0,70
0.0764,14.91,1,0.5125,22,2,69
0.2023,3.91,0,0.7831,15,0,59
0.0548,1.58,1,0.8273,13,0,75
0.1394,45.94,2,0.4788,3,1,149
0.4935,35.84,2,0.7414,10,0,171
0.6518,31.26,2,0.3647,21,0,171
0.0873,26.62,2,0.8109,19,2,148
0.441,28.48,2,0.8239,10,0,167
0.5812,31.93,2,0.5662,7,1,176
0.2342,41.33,0,0.2181,19,0,52
0.3721,29.84,1,0.9702,23,0,131
0.0718,37.43,2,0.947,7,2,158
0.2201,14.05,2,0.6198,19,1,136
0.4668,48.84,1,0.9839,7,0,142
0.9904,1.59,0,0.5028,19,2,114
0.9963,19.33,0,0.3755,23,2,116
0.9796,44.1,1,0.4605,15,1,149
0.4231,9.03,2,0.0459,11,1,119
0.0807,7.07,1,0.5491,7,2,73
0.3236,18.27,0,0.6662,1,1,74
0.2377,21.41,2,0.1095,1,1,114
0.0141,46.67,1,0.2556,20,1,69
0.0952,41.81,1,0.7212,15,2,96
0.4532,23.2,2,0.7936,5,1,173
0.3397,48.65,1,0.9859,13,1,134
0.1804,32.11,1,0.2532,21,1,74
0.7161,43.68,2,0.8414,15,0,199
0.3571,12.3,1,0.1721,21,1,80
0.8519,24.45,1,0.1309,2,0,120
0.241,1.49,1,0.7292,1,1,84
0.5384,0.44,2,0.4459,15,0,143
0.1841,35.27,0,0.7939,13,0,79
0.4953,5.91,0,0.2826,16,1,61
0.1525,27.39,2,0.2132,23,0,119
0.1616,34.8,1,0.5488,2,0,96
0.6122,1.61,0,0.1153,22,2,63
0.2638,22.44,1,0.2787,1,2,74
0.1724,34.21,0,0.1662,12,1,44
0.9298,44.49,1,0.32,19,2,139
0.043,14.96,0,0.7655,16,2,50
0.5651,48.71,1,0.1207,5,2,109
0.5483,42.23,2,0.6119,14,2,175
0.2506,32.53,0,0.5848,21,0,71
0.4528,19.6,2,0.5381,4,1,151
0.0877,35.56,0,0.4842,22,2,58
0.7213,40.81,1,0.6639,15,2,133
0.2217,15.16,2,0.8518,2,1,154
0.1934,49.64,2,0.162,7,1,135
0.3149,45.43,0,0.8141,20,0,100
0.9024,24.28,0,0.0615,8,1,91
0.7965,36.14,2,0.4821,22,1,188
0.9469,26.2,2,0.5115,10,1,197
0.652,38.05,1,0.1976,8,1,108
0.6629,41.35,0,0.0897,20,0,90
0.48,1.16,1,0.0749,18,2,62
0.9052,3.96,1,0.0372,5,0,104
0.5109,16.82,1,0.5736,18,1,114
0.3551,45.88,0,0.1555,6,1,52
0.6404,19.91,0,0.8087,21,0,105
0.5461,44.38,2,0.899,0,0,199
0.124,23.12,0,0.2924,15,1,39
0.3927,14.44,2,0.1645,3,0,127
0.3133,45.03,1,0.4096,16,2,106
0.8468,28.03,1,0.8816,23,2,163
0.3788,18.02,2,0.3998,16,1,139
0.8216,2.22,0,0.1083,10,1,75
0.4424,5.55,2,0.9847,19,2,165
0.7535,6.97,0,0.4997,4,0,103
0.1353,18.24,1,0.3424,13,1,64
0.9247,30.37,1,0.8936,23,0,173
0.4806,15.38,1,0.9274,8,0,120
0.2598,3.28,0,0.4968,0,2,50
0.2415,13.24,2,0.3067,10,0,112
0.2651,20.43,0,0.4826,11,2,64
0.3667,49.61,1,0.2193,19,2,101
0.7175,19.65,1,0.4782,19,1,117
0.9496,4.46,1,0.2294,8,2,126
0.669,29.06,1,0.6222,18,0,133
0.5472,45.98,2,0.7599,3,0,192
0.4486,39.33,2,0.9694,4,1,191
0.8282,41.81,0,0.8426,14,2,136
0.8497,46.41,1,0.0861,16,0,135
0.293,31.83,1,0.2115,19,0,80
0.9534,49.75,1,0.5317,14,2,158
0.3951,1.66,2,0.2576,3,1,130
0.8001,41.74,1,0.0144,16,1,113
0.9668,42.85,1,0.7548,10,1,171
0.7037,45.84,0,0.3578,6,2,105
0.1616,23.91,1,0.0661,8,2,62
0.5861,39.39,1,0.5088,19,1,123
0.1188,9.75,1,0.9772,4,0,102
0.7891,30.16,2,0.6785,13,2,199
0.2813,17.93,0,0.1588,1,0,41
0.6952,29.81,0,0.5143,17,1,109
0.9101,33.78,1,0.9017,3,2,161
0.181,17.35,0,0.0542,22,1,35
0.3929,10.81,2,0.6379,21,2,140
0.6471,16.08,2,0.7213,20,1,174
0.4197,33.2,1,0.704,8,2,108
0.1748,33.84,1,0.1502,18,1,66
0.0291,37.07,0,0.9073,3,0,64
0.4066,6.33,1,0.3223,6,2,85
0.6492,40.93,2,0.0517,3,1,162
0.574,34.41,2,0.0832,1,1,142
0.1562,1.53,2,0.4576,8,1,130
0.4507,16.78,1,0.04,13,2,73
0.3695,23.34,1,0.7796,20,2,104
0.2742,18.03,0,0.8658,0,1,76
0.7293,5.87,2,0.0134,9,0,138
0.3097,10.37,2,0.81,17,0,151
0.5401,1.23,1,0.9812,4,0,117
0.9232,4.65,2,0.0304,17,0,156
0.5393,13.32,0,0.725,13,1,93
0.617,41.0,0,0.9991,13,0,114
0.0732,26.33,1,0.7971,2,1,88
0.1781,21.22,0,0.5054,4,2,55
0.101,33.11,0,0.8848,21,1,72
0.7648,27.08,2,0.7079,21,0,182
0.8359,6.58,1,0.2925,10,1,108
0.1865,11.13,1,0.2243,14,1,66
0.2193,11.13,2,0.5125,13,1,121
0.3232,30.0,1,0.373,12,0,94
0.5911,23.08,1,0.3295,17,0,107
0.6218,19.38,1,0.1779,13,2,100
0.6868,27.83,1,0.8453,3,0,135
0.9052,48.51,2,0.705,1,2,222
0.295,15.71,1,0.3313,20,0,67
0.6588,26.01,1,0.2377,17,2,106
0.5597,24.02,1,0.1281,4,0,100
0.3058,35.83,0,0.1125,1,0,50
0.9074,36.51,0,0.6255,5,1,122
0.0955,36.45,0,0.1088,13,1,39
0.712,10.08,0,0.9602,14,0,102
0.7279,22.45,1,0.2791,4,0,111
0.9153,40.56,2,0.0258,4,2,173
0.5186,19.08,2,0.8553,4,2,174
0.3216,49.21,2,0.3676,10,1,152
0.8277,18.24,1,0.343,5,0,125
0.7708,24.88,0,0.1186,10,0,79
0.5003,23.73,1,0.6604,0,2,112
0.7679,21.68,2,0.3588,22,2,172
0.2679,42.28,2,0.823,21,2,165
0.5895,7.76,2,0.6306,8,2,161
0.8652,28.38,1,0.8799,19,2,159
0.318,30.93,1,0.6226,12,1,94
0.4835,42.56,1,0.7793,0,2,136
0.951,30.46,0,0.6965,6,1,128
0.7982,48.0,0,0.4626,1,1,113
0.887,43.61,0,0.6887,16,1,137
0.3852,17.44,2,0.6636,18,0,154
0.9965,43.0,0,0.0067,14,1,107
0.1526,47.92,2,0.6986,0,1,153
0.5188,12.86,1,0.2622,5,1,93
0.4793,30.51,2,0.5418,11,0,165
0.7984,14.09,0,0.1113,3,2,72
0.9086,32.48,0,0.023,2,2,98
0.7311,4.68,0,0.0151,7,0,62
0.6268,36.71,1,0.1582,14,1,101
0.4274,20.99,1,0.0199,2,1,77
0.5103,29.37,0,0.1324,23,2,65
0.5093,1.29,2,0.5592,11,2,142
0.0204,34.77,2,0.4003,4,2,119
0.503,24.8,0,0.9807,0,1,103
0.856,31.26,0,0.8087,22,0,140
0.7093,15.78,2,0.1468,14,2,156
0.7957,7.29,1,0.4168,20,0,128
0.3905,21.77,2,0.431,18,1,134
0.529,47.2,2,0.3621,23,1,173
0.0335,11.39,2,0.4956,21,1,116
0.383,33.79,0,0.6699,18,0,79
0.4744,2.49,1,0.6409,20,2,98
0.2552,35.9,1,0.3571,20,2,76
0.0312,11.92,2,0.705,6,1,128
0.6904,22.58,0,0.2895,14,2,91
0.4351,18.39,0,0.8355,23,2,93
0.4157,5.64,1,0.9644,20,2,111
0.25,17.28,2,0.2947,2,2,124
0.5378,17.51,2,0.7847,2,1,169
0.438,26.11,1,0.8134,4,1,123
0.474,48.62,1,0.4908,17,2,116
0.5809,23.5,0,0.0877,9,1,72
0.0063,45.72,2,0.7862,15,1,136
0.9077,23.08,0,0.4075,3,1,112
0.0711,5.38,0,0.2081,1,2,36
0.4509,11.51,1,0.6267,18,2,100
0.2074,20.38,1,0.4369,6,2,75
0.5238,16.27,1,0.0876,1,0,79
0.2802,43.29,2,0.9837,5,2,176
0.86,33.93,0,0.2447,7,0,97
0.3964,28.92,2,0.511,9,0,152
0.6388,24.56,0,0.6673,21,0,97
0.2489,19.86,0,0.1151,4,2,33
0.0194,30.61,0,0.7394,14,2,57
0.4042,6.23,2,0.6483,6,0,150
0.5365,8.13,2,0.4938,11,0,159
0.4595,15.16,2,0.5283,7,1,155
0.962,8.56,0,0.9548,8,0,137
0.7068,33.85,2,0.9109,14,1,203
0.9957,1.24,0,0.112,14,2,90
0.2951,8.01,1,0.3688,3,0,79
0.7891,45.13,2,0.5168,3,0,189
0.5556,49.88,0,0.92,5,0,121
0.6118,24.38,0,0.8166,21,2,106
0.9859,24.77,0,0.3865,7,0,111
0.654,38.67,2,0.8862,13,0,188
0.8988,1.81,1,0.3782,10,2,126
0.7258,21.35,0,0.2712,8,0,95
0.1274,4.99,1,0.6099,0,1,67
0.6994,20.05,2,0.3559,10,0,156
0.4843,49.19,0,0.6224,23,2,95
0.9188,37.68,1,0.4097,22,2,134
0.8068,49.25,0,0.7958,7,2,131
0.1041,37.3,0,0.9543,12,1,84
0.1339,30.41,1,0.2703,6,1,74
0.0696,37.71,1,0.51,22,2,85
0.4932,32.95,1,0.7244,13,2,122
0.0808,23.2,0,0.1585,22,0,30
0.7237,14.63,1,0.7959,20,1,138
0.5524,26.01,1,0.583,7,1,115
0.8359,12.92,1,0.1497,10,0,105
0.2798,24.33,1,0.8682,13,1,110
0.5191,7.31,0,0.4267,5,2,81
0.1175,28.27,0,0.1766,19,0,34
0.8846,12.26,2,0.1954,13,2,167
0.175,14.68,1,0.7855,4,2,88
0.1024,24.95,1,0.9357,11,0,96
0.2051,8.13,2,0.3782,19,0,115
0.8062,48.12,0,0.0788,10,2,91
0.1058,22.35,2,0.1008,17,2,104
0.6144,17.61,1,0.6545,23,0,114
0.7462,1.46,2,0.3708,8,0,162
0.7511,42.16,1,0.4261,23,2,125
0.1901,31.29,1,0.337,9,0,78
0.0616,20.82,1,0.4655,13,1,69
0.4488,12.28,0,0.6435,18,2,76
0.2025,37.26,1,0.5411,1,0,88
0.6993,47.27,2,0.1642,16,0,158
0.3567,19.04,1,0.4913,13,2,89
0.4494,6.74,0,0.4606,15,2,68
0.1135,5.46,2,0.5457,22,1,123
0.5676,0.32,0,0.1107,11,0,56
0.1855,37.2,0,0.1535,22,0,39
0.679,49.07,0,0.5302,13,2,106
0.0712,49.64,0,0.2754,5,2,50
0.9759,39.21,0,0.629,15,2,133
0.6845,8.11,0,0.3728,4,2,84
0.1817,48.89,2,0.2207,21,1,127
0.0141,16.39,1,0.6564,3,1,62
0.3345,16.68,0,0.3939,11,1,66
0.1528,34.37,1,0.1576,19,2,66
0.2184,2.45,2,0.8088,0,0,131
0.8728,41.29,2,0.4318,11,0,188
0.6032,49.86,0,0.9151,12,2,123
0.1765,38.75,0,0.1934,8,0,48
0.5567,39.08,2,0.8764,16,0,193
0.2558,19.52,1,0.8159,7,2,100
0.9762,3.3,2,0.1039,8,1,166
0.0328,39.63,0,0.5317,6,0,57
0.7323,29.86,0,0.6537,14,1,100
0.773,45.47,1,0.4955,21,1,144
0.0672,5.8,0,0.3903,4,1,37
0.1719,15.26,2,0.9438,9,2,154
0.3843,18.03,2,0.7008,5,2,160
0.8682,34.16,0,0.9659,5,2,139
0.537,39.39,1,0.8462,23,1,145
0.6553,48.05,1,0.8171,17,1,144
0.783,14.77,1,0.7256,22,0,132
0.8281,24.68,1,0.6461,15,1,149
0.4763,1.45,1,0.8869,15,2,105
0.5088,12.65,2,0.6134,17,2,159
0.718,18.7,0,0.0753,15,0,73
0.2633,29.69,0,0.5826,19,2,70
0.8545,23.54,2,0.1028,7,1,152
0.0208,18.22,2,0.9493,2,0,139
0.1958,31.2,1,0.6467,11,2,93
0.8002,41.43,2,0.5556,0,1,186
0.3403,12.08,0,0.1978,1,1,57
0.1498,17.14,2,0.5158,1,0,130
0.1868,35.25,2,0.3425,1,0,129
0.5308,38.9,0,0.6754,16,0,98
0.8462,41.27,0,0.6044,14,0,118
0.0707,10.47,1,0.4993,22,0,80
0.0305,26.96,2,0.2527,6,1,104
0.4652,45.0,0,0.5257,7,1,98
0.9562,19.6,1,0.4617,11,2,142
0.279,21.49,2,0.8513,18,2,158
0.9592,49.24,0,0.8943,22,1,159
0.8877,5.65,1,0.7592,17,2,139
0.2831,35.28,0,0.3196,12,1,64
0.8169,42.51,0,0.0381,23,1,93
0.6859,7.54,1,0.9253,4,0,142
0.5118,35.72,0,0.992,11,1,116
0.4229,23.49,0,0.127,5,0,57
0.8155,42.64,2,0.6856,3,0,201
0.7931,45.37,0,0.4251,9,2,114
0.7569,43.62,2,0.1485,18,0,181
0.9983,3.22,0,0.9981,7,1,131
0.4785,37.84,1,0.9332,19,0,126
0.8069,46.08,2,0.9826,14,1,209
0.8625,31.07,1,0.1439,16,2,125
0.2116,30.04,1,0.4919,5,1,84
0.0421,2.25,2,0.8958,20,0,130
0.4047,42.8,0,0.6752,4,0,92
0.8567,2.32,2,0.4346,8,2,165
0.2891,15.68,2,0.5167,18,0,139
0.7,46.29,2,0.0386,16,0,165
0.0073,47.49,1,0.6115,7,2,88
0.3554,49.6,1,0.8597,6,1,128
0.6155,23.82,1,0.0028,10,2,89
0.1298,8.87,1,0.16,10,2,56
0.8966,24.4,2,0.518,1,1,200
0.1563,5.12,2,0.561,5,2,127
0.9098,43.63,0,0.3434,3,0,114
0.2164,28.03,0,0.0279,3,0,34
0.9943,20.23,2,0.7436,8,0,204
0.6047,3.98,1,0.2429,0,2,93
0.0843,20.26,1,0.6446,16,1,77
0.0653,43.31,0,0.5591,16,0,57
0.0749,35.17,0,0.4308,5,0,41
0.5899,4.12,1,0.5903,21,2,110
0.8096,8.0,2,0.695,14,2,185
0.403,19.62,2,0.5722,7,0,162
0.4448,5.07,2,0.5575,4,1,135
0.5893,46.7,0,0.4361,10,1,96
0.533,32.61,0,0.43,23,0,80
0.6881,4.74,1,0.491,0,2,117
0.4718,39.4,1,0.4521,0,2,107
0.7139,18.42,0,0.439,9,2,92
0.9973,12.24,1,0.2104,22,2,129
0.3503,28.5,2,0.7248,6,2,167
0.0122,0.67,0,0.133,17,1,11
0.1256,23.27,2,0.9087,13,0,146
0.5535,42.19,1,0.6248,4,0,129
0.3443,46.4,1,0.0489,21,2,81
0.94,17.13,1,0.659,3,1,138
0.6274,32.12,2,0.3615,12,0,170
0.5204,11.34,1,0.9298,15,2,126
0.798,28.01,0,0.9361,16,0,129
0.2586,12.7,0,0.8459,20,0,72
0.8197,28.57,2,0.5678,16,0,189
0.0031,8.59,0,0.9192,15,2,59
0.6197,47.06,2,0.6498,3,0,178
0.9348,44.35,1,0.8751,7,2,162
0.7879,16.85,0,0.1601,8,0,79
0.8536,38.83,0,0.9042,8,0,142
0.397,4.78,2,0.6616,2,2,152
0.8242,37.02,0,0.3033,2,0,106
0.5508,14.12,0,0.9978,10,0,102
0.6185,6.78,0,0.6869,17,0,90
0.0589,33.91,1,0.9084,21,1,95
0.2016,23.49,2,0.0056,22,0,113
0.551,26.51,0,0.5523,11,0,82
0.0588,26.03,2,0.7125,21,1,130
0.7414,2.97,2,0.0137,10,2,129
0.8401,2.57,0,0.7626,11,0,118
0.9204,30.06,0,0.6514,5,0,125
0.1018,31.19,1,0.2748,15,0,69
0.9397,2.36,0,0.6889,7,0,120
0.0676,18.92,0,0.1309,11,0,29
0.4741,30.64,1,0.824,22,1,121
0.8403,32.83,2,0.8662,13,0,202
0.0703,41.41,2,0.4855,7,2,122
0.0182,21.04,1,0.5074,16,0,58
0.0249,27.41,0,0.4021,17,2,44
0.5113,28.93,0,0.3453,14,2,72
0.8116,15.6,1,0.8729,1,1,143
0.1274,2.69,0,0.3049,5,0,32
0.1246,0.21,1,0.4029,3,2,58
0.5685,41.81,2,0.2999,22,2,158
0.2343,10.01,2,0.6567,7,1,144
0.7302,31.51,0,0.8142,11,0,115
0.9496,28.85,0,0.1643,21,2,95
0.766,19.98,0,0.2547,23,1,89
0.8772,41.67,1,0.1041,5,0,129
0.5196,34.92,0,0.1602,20,2,79
0.8323,1.14,2,0.4069,17,0,172
0.1829,38.83,2,0.7759,14,1,149
0.0683,25.35,0,0.5416,4,0,48
0.656,17.35,1,0.0533,16,1,95
0.052,36.34,1,0.6251,14,2,95
0.8925,34.3,0,0.7953,10,0,118
0.6916,15.53,2,0.3935,14,0,159
0.9522,49.15,2,0.245,5,2,193
0.3139,32.44,0,0.7639,14,0,79
0.4862,30.29,1,0.0239,3,0,98
0.7417,3.49,1,0.8156,6,1,135
0.2428,13.97,0,0.8043,11,0,74
0.5418,22.35,0,0.888,3,2,104
0.6595,31.53,0,0.0895,21,0,73
0.9788,25.64,2,0.1078,21,1,171
0.7447,38.15,1,0.8728,11,2,152
0.1181,13.13,2,0.4753,13,2,118
0.4753,35.11,0,0.3923,6,0,79
0.5888,40.83,1,0.5733,5,0,133
0.1466,38.25,1,0.0586,23,0,59
0.432,38.54,1,0.6437,9,2,125
0.284,44.43,2,0.9451,22,0,168
0.1188,4.21,1,0.6757,1,0,70
0.512,34.86,0,0.4645,2,1,84
0.1656,48.43,0,0.9609,11,0,89
0.5905,28.68,1,0.6885,18,0,131
0.1697,10.87,0,0.057,10,1,24
0.7236,49.94,0,0.67,20,2,130
0.1952,8.73,0,0.0597,3,0,36
0.8963,16.78,0,0.3072,20,2,108
0.0262,8.6,0,0.6157,10,1,45
0.522,23.23,1,0.2156,6,1,94
0.3201,20.94,1,0.0382,15,2,66
0.2251,24.56,0,0.618,18,1,72
0.4716,46.4,0,0.2859,22,0,81
0.842,23.92,1,0.533,2,0,136
0.9153,25.73,0,0.2611,16,0,105
0.3032,44.33,2,0.6864,7,1,161
0.1542,40.89,1,0.8957,12,0,115
0.7201,11.99,1,0.0866,11,0,98
0.582,0.65,0,0.7863,18,0,101
0.201,31.47,0,0.1561,9,0,36
0.7603,42.24,0,0.3294,6,2,95
0.5189,27.64,1,0.3574,11,0,100
0.6534,10.56,0,0.2063,16,1,73
0.3593,37.07,2,0.0752,20,0,135
0.4391,33.48,0,0.7685,0,0,94
0.1803,28.25,1,0.7936,13,0,101
0.7565,43.17,1,0.9968,1,0,160
0.157,39.21,1,0.9346,14,0,113
0.7783,33.4,2,0.4346,14,2,192
0.798,33.24,1,0.1334,20,1,115
0.7466,33.11,2,0.0107,4,2,155
0.0194,26.26,0,0.5315,19,2,49
0.2731,23.2,2,0.8606,16,2,156
0.4683,35.48,1,0.2679,15,0,94
0.5955,30.52,1,0.1989,15,0,104
0.9192,24.5,1,0.439,13,1,139
0.3756,6.33,2,0.8935,1,1,164
0.875,35.1,0,0.4517,19,2,122
0.1634,32.3,1,0.7227,9,0,95
0.3713,17.11,0,0.4625,2,0,63
0.0523,17.82,1,0.373,14,2,74
0.7425,12.34,0,0.4409,22,1,90
0.1507,48.1,1,0.7684,17,1,109
0.257,43.01,0,0.7544,5,0,98
0.7752,28.05,0,0.4318,19,2,102
0.5347,20.08,1,0.2676,20,2,86
0.014,36.84,0,0.1391,7,0,35
0.0022,26.39,1,0.0014,12,0,46
0.5107,48.79,0,0.1133,20,2,81
0.305,2.76,2,0.1647,3,2,114
0.1803,1.71,2,0.6899,8,0,135
0.6136,28.43,1,0.8179,10,2,135
0.2284,10.16,0,0.7369,0,2,63
0.5922,30.22,0,0.7232,4,0,99
0.3793,39.07,2,0.9943,14,0,172
0.1867,6.91,2,0.9626,6,0,141
0.1381,22.03,2,0.2688,5,2,118
0.2369,34.43,1,0.1451,7,2,71
0.0298,41.69,1,0.1533,2,0,67
0.3081,24.82,0,0.8956,15,0,79
0.902,10.31,0,0.1023,6,1,87
0.8314,29.29,2,0.3401,15,2,172
0.372,22.73,1,0.5303,19,2,99
0.5758,38.6,1,0.6135,11,0,126
0.5674,27.78,1,0.5957,21,1,118
0.8287,13.97,0,0.7864,4,0,116
0.2363,37.72,2,0.5717,23,0,156
0.2964,25.89,2,0.851,7,1,169
0.3018,8.88,2,0.0846,7,1,117
0.0409,28.15,1,0.859,23,1,80
0.3147,47.42,2,0.59,10,0,159
0.8779,35.28,1,0.2229,17,1,117
0.912,14.94,1,0.9777,19,1,158
0.1096,35.54,0,0.9397,10,0,79
0.4581,14.13,2,0.8457,7,0,161
0.3813,27.13,0,0.9116,11,1,99
0.4894,26.33,2,0.3821,9,0,151
0.5547,12.37,1,0.2278,9,0,96
0.0203,17.39,0,0.1829,5,0,24
0.8422,47.11,1,0.8738,21,1,163
0.9737,12.53,0,0.8266,13,0,135
0.6534,40.05,1,0.9809,19,0,144
0.6605,33.37,0,0.8483,15,0,108
0.528,26.63,2,0.6324,8,2,171
0.3343,6.88,1,0.1423,7,2,63
0.149,10.23,1,0.1648,23,1,60
0.5841,8.95,2,0.4737,0,0,158
0.0449,29.34,1,0.7678,7,1,89
0.8245,48.67,1,0.1733,17,2,137
0.4209,43.86,0,0.9155,13,2,113
0.4148,1.26,1,0.6838,14,2,96
0.3272,13.69,2,0.3123,0,0,125
0.9694,7.86,2,0.8858,5,1,204
0.1749,48.78,1,0.5986,14,0,104
0.1513,11.78,0,0.7332,7,2,50
0.1655,10.07,2,0.3854,11,0,119
0.6585,31.04,0,0.3936,22,1,92
0.9919,27.81,0,0.0126,15,0,95
0.2355,11.29,2,0.5379,15,1,131
0.9056,33.52,2,0.7608,4,2,210
0.2786,4.85,2,0.9688,14,0,153
0.6479,0.97,1,0.8922,23,0,128
0.0405,4.12,2,0.087,15,1,93
0.4957,18.24,2,0.9805,18,1,172
0.6546,48.75,0,0.1495,22,0,96
0.5363,27.36,2,0.0411,21,0,144
0.2378,37.74,2,0.7489,8,1,165
0.8285,16.07,0,0.9059,7,1,126
0.9701,35.97,2,0.9498,6,0,225
0.4592,48.31,1,0.825,18,1,137
0.6359,17.89,2,0.2049,9,1,141
0.7904,49.95,1,0.154,19,0,132
0.2415,31.92,0,0.059,19,1,42
0.8645,37.43,0,0.582,15,1,120
0.2802,12.61,1,0.4872,2,0,80
0.7758,32.15,2,0.1093,17,2,153
0.1121,25.55,2,0.4648,4,0,118
0.2884,47.82,0,0.5673,13,1,84
0.5336,45.23,2,0.723,5,2,173
0.5249,19.83,1,0.4142,1,2,105
0.8504,47.34,1,0.3184,15,0,131
0.9961,44.24,0,0.6657,10,1,147
0.1072,29.52,1,0.6842,15,0,88
0.2714,4.11,1,0.2704,11,2,62
0.3576,8.04,2,0.0198,8,0,107
0.4789,3.84,1,0.9457,0,2,131
0.4939,5.4,1,0.7553,6,2,116
0.8562,48.85,1,0.2011,21,1,132
0.7706,10.61,1,0.5657,18,2,123
0.0189,34.54,1,0.5949,11,1,83
0.455,31.83,0,0.126,0,1,61
0.6181,31.56,2,0.1917,23,0,153
0.4604,10.34,0,0.9567,17,2,96
0.1306,28.97,2,0.508,0,0,129
0.3975,31.28,2,0.1914,5,1,131
0.4117,28.52,2,0.7976,4,2,173
0.1877,9.31,0,0.4706,21,2,45
0.7563,36.15,0,0.6384,22,2,108
0.3214,3.66,0,0.2975,9,1,53
0.589,29.56,1,0.0579,4,2,91
0.5157,21.81,2,0.1649,15,2,134
0.8774,12.51,2,0.973,6,0,206
0.122,40.37,2,0.6236,2,1,136
0.1143,8.79,2,0.8311,6,1,137
0.3003,46.65,0,0.0215,6,0,59
0.4312,44.23,2,0.7655,1,2,173
0.2985,18.03,0,0.485,16,0,61
0.7632,15.26,2,0.6653,8,0,194
0.2453,6.87,2,0.3582,13,0,126
0.0848,45.82,2,0.6209,13,0,150
0.4138,31.38,1,0.0356,18,1,86
0.7734,1.59,1,0.0456,18,2,104
0.8506,25.55,1,0.7988,13,2,157
0.7333,4.29,1,0.1245,20,2,97
0.5579,28.69,1,0.014,13,2,91
0.7242,25.45,1,0.9125,0,1,144
0.6814,4.14,0,0.2655,20,2,73
0.2344,40.79,1,0.5824,18,0,95
0.5508,13.12,2,0.8389,10,1,164
0.7706,27.07,2,0.7459,9,0,187
0.3171,31.95,0,0.0466,21,2,53
0.654,48.12,0,0.5609,10,2,105
0.4815,24.69,1,0.5418,8,2,105
0.5032,45.87,2,0.3501,17,0,164
0.0901,17.74,0,0.7536,7,0,52
0.6662,42.87,0,0.964,9,2,125
0.8657,11.79,0,0.1472,18,1,81
0.1414,35.37,0,0.1452,5,1,40
0.3661,4.43,0,0.7347,0,1,77
0.0487,49.3,2,0.4544,8,2,136
0.0296,47.7,2,0.7952,4,0,148
0.9897,22.11,1,0.1411,8,1,129
0.4935,26.2,0,0.0399,1,0,64
0.3555,29.89,2,0.6979,14,2,163
0.2749,13.75,0,0.9947,12,0,86
0.98,33.72,0,0.0948,6,0,100
0.2523,34.93,0,0.8643,15,0,84
0.7257,26.25,1,0.3853,3,2,121
0.2838,7.39,2,0.0168,0,0,108
0.0705,45.96,1,0.51,11,2,93
0.6833,5.75,1,0.2789,3,2,103
0.0016,31.46,1,0.6934,20,2,78
0.6757,5.15,2,0.2878,7,1,148
0.2504,7.31,2,0.4817,10,1,126
0.7461,1.03,1,0.2006,7,2,95
0.7698,18.17,1,0.8281,10,0,137
0.7241,31.98,1,0.9254,2,0,148
0.0245,26.08,2,0.4033,22,0,110
0.7037,33.73,1,0.4489,4,2,123
0.9901,33.75,2,0.9827,9,0,234
0.2426,7.01,0,0.1421,20,2,27
0.2742,2.87,2,0.8086,10,2,140
0.8135,31.27,2,0.5673,16,2,187
0.1604,32.66,2,0.8807,1,1,157
0.6606,27.84,2,0.2924,7,1,154
0.755,12.29,1,0.2962,18,2,115
0.0372,40.54,0,0.3258,6,1,50
0.5538,3.78,1,0.0166,9,2,71
0.5759,31.62,1,0.1699,1,1,101
0.3034,6.02,0,0.9946,12,2,75
0.8763,32.72,0,0.2489,8,1,114
0.1627,20.89,0,0.0199,20,0,36
0.3642,35.91,1,0.2785,9,2,92
0.8487,2.61,0,0.4084,19,1,95
0.1906,27.75,2,0.5478,21,0,125
0.8214,7.24,0,0.0686,20,0,85
0.0791,34.12,2,0.7904,17,0,139
0.4892,6.0,2,0.8255,14,1,167
0.0753,3.68,1,0.2132,11,2,50
0.6779,35.66,1,0.7984,1,0,140
0.7906,3.18,2,0.3614,3,0,156
0.8499,11.23,0,0.4231,9,2,98
0.9813,41.24,2,0.9364,15,2,222
0.672,40.48,1,0.8919,0,1,150
0.7691,42.71,0,0.3751,22,0,103
0.5058,16.3,2,0.4881,23,2,156
0.9127,26.4,1,0.2865,1,1,123
0.6438,38.67,0,0.5154,2,0,104
0.8836,6.85,1,0.6819,20,0,129
0.2355,36.22,1,0.0927,4,0,69
0.4967,4.87,2,0.9198,4,1,179
0.7298,45.66,1,0.7189,4,2,151
0.2027,31.87,2,0.0968,16,2,106
0.2113,24.67,2,0.869,3,2,153
0.978,24.24,0,0.7437,4,2,129
0.4346,9.07,1,0.3131,9,2,80
0.1818,17.3,0,0.5214,14,0,43
0.3315,36.36,1,0.8601,23,1,113
0.3974,27.05,0,0.9681,5,1,94
0.6231,26.47,1,0.2811,6,2,104
0.923,9.76,0,0.6506,13,2,114
0.9866,34.52,1,0.8602,10,2,171
0.6517,19.6,1,0.9882,14,0,143
0.6999,9.14,2,0.0707,5,1,138
0.3218,47.19,2,0.5036,14,0,159
0.8572,25.34,1,0.8737,22,0,151
0.2178,26.4,1,0.0032,16,1,60
0.1064,49.07,2,0.4372,17,1,139
0.9733,18.32,2,0.5842,1,2,196
0.8641,47.15,0,0.5265,21,2,117
0.3036,34.75,1,0.7328,16,1,120
0.6752,31.65,2,0.0655,15,1,144
0.467,11.72,0,0.7854,3,0,86
0.3231,2.59,0,0.2832,13,0,48
0.2868,21.89,2,0.8242,16,2,154
0.136,0.51,2,0.4195,14,2,107
0.5493,3.55,1,0.0429,2,2,79
0.4466,29.77,1,0.9639,0,0,139
0.5122,36.22,1,0.7805,11,1,133
0.2154,8.4,1,0.3478,17,0,66
0.9386,36.63,2,0.27,9,2,185
0.6386,47.49,2,0.589,16,1,191
0.8996,37.16,1,0.9873,23,2,177
0.1093,39.24,0,0.2902,21,1,49
0.6229,35.04,0,0.9483,15,1,122
0.8495,11.24,0,0.3304,17,1,94
0.3309,18.04,1,0.7041,2,2,95
0.1951,47.46,1,0.3817,2,0,93
0.265,33.06,2,0.0851,16,1,125
0.2729,39.45,2,0.9362,19,1,163
0.4472,48.43,1,0.1639,4,0,93
0.326,11.57,0,0.9447,14,2,82
0.2713,16.08,2,0.1033,6,2,117
0.6485,32.24,2,0.2669,2,0,163
0.053,1.22,1,0.9209,9,2,86
0.3404,28.56,0,0.6585,10,2,76
0.6898,40.43,1,0.1895,18,0,108
0.1758,30.52,1,0.5921,20,1,90
0.2209,14.77,2,0.1804,22,1,110
0.2007,36.21,1,0.8744,2,0,118
0.0009,7.3,1,0.0498,22,2,35
0.4738,44.74,1,0.5298,12,2,109
0.039,5.05,1,0.0635,4,0,42
0.2729,43.17,0,0.695,15,0,93
0.9948,24.89,0,0.9358,1,2,143
0.9184,21.43,2,0.8311,11,2,214
0.2151,25.03,1,0.3717,19,0,75
0.31,10.01,2,0.2369,23,1,128
0.4637,22.88,1,0.121,6,1,82
0.8444,42.49,2,0.8736,4,0,210
0.8026,40.05,0,0.0811,13,2,100
0.1262,8.15,0,0.6288,3,0,52
0.1244,33.67,1,0.3673,23,2,67
0.4167,42.84,2,0.9958,7,0,185
0.8701,40.99,0,0.5088,4,2,119
0.8821,21.28,1,0.5488,5,0,141
0.1074,2.4,0,0.9179,8,2,54
0.5743,46.56,2,0.9696,17,1,209
0.1557,19.79,1,0.5836,20,1,77
0.6861,18.05,1,0.7962,17,0,134
0.9164,37.98,0,0.6348,15,2,120
0.4548,13.2,0,0.4274,6,1,69
0.0831,41.74,1,0.0573,22,0,60
0.5793,3.8,1,0.7177,23,1,112
0.4085,37.04,2,0.7003,15,1,165
0.8109,48.29,0,0.1167,18,2,97
0.3403,49.79,0,0.2301,7,1,64
0.8749,46.19,0,0.7321,10,0,140
0.2737,43.54,0,0.1497,19,1,54
0.1575,13.94,0,0.6909,10,1,66
0.3065,48.33,1,0.718,18,1,104
0.0349,46.39,0,0.3533,20,1,47
0.2812,26.72,0,0.2582,22,1,50
0.6601,20.1,2,0.373,6,0,162
0.1423,5.46,1,0.3592,11,0,64
0.1114,29.53,2,0.607,9,2,136
0.1324,35.03,2,0.7438,12,0,143
0.0776,20.2,0,0.8618,17,2,61
0.8746,20.3,1,0.03,7,1,113
0.9441,28.67,2,0.7266,5,1,206
0.0466,1.39,1,0.3142,6,0,52
0.7601,47.89,2,0.8386,18,0,206
0.7372,14.5,2,0.0757,23,2,147
0.9969,7.04,1,0.5512,2,2,140
0.3479,0.27,0,0.5487,23,0,65
0.2855,42.84,1,0.3265,0,2,93
0.4531,43.16,2,0.9703,12,2,191
0.8566,4.77,1,0.1069,3,0,101
0.7286,7.61,2,0.1364,22,0,148
0.4716,22.4,1,0.6443,18,0,117
0.2446,9.29,1,0.5143,8,2,85
0.727,36.79,2,0.2645,16,2,181
0.8545,2.9,0,0.3043,20,2,86
0.4,27.49,1,0.157,5,0,83
0.6686,19.14,0,0.8678,15,2,107
0.4002,23.25,1,0.5695,7,2,102
0.4785,21.24,2,0.2448,17,2,136
0.5249,7.66,2,0.3934,13,1,146
0.7757,11.01,0,0.9067,17,2,118
0.9775,3.24,2,0.8868,15,2,204
0.4444,5.76,2,0.0691,15,0,134
0.3423,48.89,2,0.6541,2,1,167
0.3736,13.99,1,0.153,20,1,72
0.1339,15.35,0,0.2109,4,1,33
0.2969,6.36,1,0.8642,9,1,94
0.0864,37.76,2,0.8952,12,2,145
0.4279,46.21,1,0.0827,20,2,91
0.1674,39.49,1,0.8739,15,1,104
0.3464,30.63,0,0.7285,4,2,87
0.7936,40.66,1,0.7757,6,2,153
0.2459,20.21,1,0.7918,4,0,98
0.6119,42.97,1,0.5072,14,2,124
0.9012,39.93,2,0.9469,17,2,219
0.5669,0.09,0,0.2004,17,2,69
0.1938,24.39,0,0.505,18,1,56
0.3448,13.23,2,0.3186,16,0,138
0.5904,4.31,2,0.8224,21,2,171
0.5066,42.31,0,0.0827,21,1,71
0.1486,0.4,2,0.4337,6,1,107
0.4468,36.51,0,0.7735,7,2,101
0.5431,49.41,0,0.3123,1,1,91
0.2673,24.1,0,0.2405,6,0,50
0.6124,18.56,1,0.2625,12,2,110
0.0702,30.29,0,0.7136,15,0,60
0.3366,40.23,0,0.2868,21,0,61
0.8043,12.01,2,0.4027,14,2,168
0.2593,12.54,1,0.5457,23,2,82
0.6052,30.36,1,0.9408,13,1,136
0.41,46.99,2,0.7943,20,2,165
0.3165,14.92,0,0.1853,19,0,42
0.9161,18.84,2,0.8831,11,0,209
0.3433,49.67,1,0.8448,20,0,125
0.2367,8.81,2,0.7452,20,1,133
0.9093,3.85,2,0.5169,7,1,175
0.7459,29.49,0,0.0698,5,0,85
0.6818,1.21,0,0.7115,2,2,96
0.0495,9.02,1,0.5183,22,1,72
0.1312,31.11,1,0.3098,10,1,61
0.6383,32.98,0,0.0099,13,2,70
0.2094,25.52,0,0.231,6,1,43
0.2256,19.19,2,0.6057,9,0,137
0.7791,28.81,2,0.1123,9,2,160
0.2859,32.17,0,0.6554,13,0,66
0.0716,40.17,2,0.8197,4,0,147
0.0364,39.64,0,0.3182,18,1,46
0.4432,33.24,1,0.082,9,1,78
0.6171,44.71,0,0.1397,5,0,76
0.8689,41.9,1,0.3579,0,2,136
0.1108,6.66,0,0.8134,2,0,58
0.1967,47.83,0,0.6343,6,2,75
0.5298,44.59,0,0.8679,17,1,117
0.3641,16.05,0,0.9944,20,0,94
0.4825,1.01,0,0.2026,22,1,60
0.9241,30.2,1,0.6948,7,0,155
0.5449,21.92,2,0.4665,15,2,150
0.4151,37.48,0,0.4935,6,1,81
0.9894,26.23,2,0.3256,3,1,183
0.0652,3.82,1,0.3425,13,2,62
0.9321,12.23,0,0.6763,15,1,120
0.5017,44.13,0,0.6208,18,1,101
0.5038,1.88,2,0.3185,2,1,136
0.922,36.83,0,0.1186,17,1,109
0.5073,14.6,1,0.5782,7,0,111
0.4384,22.63,0,0.7394,6,2,90
0.2725,26.55,2,0.5586,0,1,134
0.6588,12.5,2,0.0037,4,1,139
0.5696,32.6,0,0.2823,11,2,68
0.2143,34.67,0,0.7786,4,1,79
0.7094,4.25,1,0.7425,7,2,115
0.6441,18.7,1,0.0104,12,0,92
0.3973,37.22,1,0.4703,2,0,101
0.0044,36.08,1,0.4373,21,1,78
0.4466,27.23,0,0.6523,7,1,94
0.0061,38.88,0,0.125,18,2,34
0.075,5.38,1,0.6214,15,1,73
0.4306,5.91,2,0.9469,18,2,162
0.0819,32.87,2,0.3717,6,0,128
0.2757,34.67,1,0.3374,4,1,91
0.6555,40.73,2,0.0283,3,2,152
0.3086,9.05,1,0.0574,5,1,59
0.9976,25.84,1,0.9316,13,0,174
0.9163,33.04,1,0.9755,14,2,172
0.5853,11.18,1,0.0056,18,2,79
0.9669,25.85,0,0.9007,23,0,137
0.868,31.92,2,0.174,19,1,176
0.3189,10.72,0,0.5614,8,2,60
0.7496,18.78,0,0.6781,11,0,107
0.1368,10.82,1,0.3591,22,0,62
0.6846,45.15,0,0.529,17,2,115
0.4911,11.84,0,0.6275,10,2,72
0.0168,6.04,1,0.1939,19,0,37
0.2742,1.76,0,0.9943,3,1,78
0.9554,2.25,0,0.2039,16,2,84
0.3158,9.58,1,0.0103,22,2,62
0.1815,30.41,1,0.9443,12,2,98
0.1875,0.88,2,0.4291,14,0,121
0.4792,14.34,0,0.3986,1,1,61
0.8426,2.91,2,0.2757,14,2,167
0.758,20.18,1,0.0258,6,0,100
0.4369,2.43,1,0.2646,23,0,72
0.2087,30.38,2,0.3933,7,1,120
0.0461,34.42,0,0.5203,7,2,47
0.4626,36.57,2,0.4576,9,1,157
0.8148,11.22,0,0.879,16,1,114
0.7297,43.43,1,0.9113,22,1,156
0.4086,34.51,0,0.3172,8,2,81
0.5947,2.83,1,0.9596,5,1,123
0.4362,22.04,2,0.8649,18,0,182
0.579,38.39,2,0.9276,12,1,192
0.5175,15.54,2,0.7063,10,0,168
0.681,19.08,2,0.1983,23,2,156
0.5077,31.48,1,0.1952,11,2,100
0.9406,2.77,1,0.9087,14,2,155
0.428,48.35,2,0.507,23,0,175
0.0159,8.72,0,0.8905,5,2,54
0.2364,1.33,2,0.7205,21,0,134
0.5006,0.27,1,0.2125,23,0,81
0.5406,19.98,1,0.3848,11,0,106
0.5524,44.21,1,0.9678,8,1,144
0.7146,40.99,2,0.0196,3,0,159
0.2746,45.6,2,0.7146,1,1,163
0.6649,26.69,0,0.9788,23,0,123
0.704,22.44,2,0.1041,10,2,152
0.4113,19.29,2,0.272,16,1,135
0.4022,2.32,2,0.547,5,2,144
0.1789,45.48,2,0.8438,7,0,153
0.414,24.81,2,0.5065,19,2,145
0.7868,22.75,0,0.0596,15,1,83
0.909,25.76,1,0.1272,5,0,118
0.5936,39.71,2,0.3759,0,2,162
0.2994,11.22,2,0.3225,19,2,131
0.6823,35.5,1,0.2197,1,2,115
0.7401,35.54,2,0.8401,0,2,198
0.3322,42.48,2,0.0269,7,2,139
0.8265,0.43,0,0.8293,22,0,113
0.0737,8.52,2,0.9217,15,0,136
0.0108,23.55,1,0.6301,1,0,82
0.123,42.53,1,0.6254,22,0,93
0.156,48.26,0,0.149,22,0,44
0.8789,29.74,2,0.5683,16,2,191
0.425,10.61,0,0.3752,1,1,60
0.2749,9.23,1,0.229,0,0,65
0.4291,31.97,0,0.5833,20,1,92
0.3948,10.5,2,0.0012,19,0,117
0.3015,27.65,1,0.2764,19,0,81
0.1379,41.74,0,0.656,11,0,70
0.6559,19.49,0,0.455,14,1,95
0.1366,18.92,2,0.1456,4,0,107
0.7754,1.81,0,0.0013,0,2,76
0.2017,12.7,2,0.2704,5,2,126
0.7314,34.91,0,0.5491,14,2,108
0.8056,18.02,2,0.5345,9,2,192
0.1253,7.91,1,0.1311,14,2,52
0.0867,5.29,0,0.6137,10,2,43
0.9496,4.75,2,0.9989,13,2,204
0.463,32.96,0,0.5849,22,0,91
0.6302,30.63,2,0.5276,15,1,169
0.0233,25.93,1,0.6226,22,0,73
0.2787,25.02,1,0.8797,23,2,109
0.5054,7.66,0,0.946,14,0,98
0.8862,25.03,0,0.041,23,1,94
0.2714,3.0,0,0.205,5,1,43
0.7752,46.29,2,0.1158,12,2,180
0.6622,2.9,0,0.7724,1,0,98
0.1153,21.18,0,0.0456,2,2,23
0.2934,0.03,0,0.9026,3,1,78
0.2379,39.31,2,0.0206,3,2,112
0.4425,8.31,2,0.6025,9,1,152
0.6353,46.25,2,0.2756,17,1,164
0.4334,2.2,0,0.4706,23,0,57
0.2445,41.04,1,0.4419,23,0,89
0.6959,32.83,2,0.7489,4,1,179
0.5845,12.49,0,0.4966,10,0,81
0.5193,10.12,2,0.4212,10,2,142
0.5544,17.88,0,0.7303,2,0,89
0.2219,41.42,2,0.9258,0,0,176
0.6804,43.1,1,0.7939,8,0,154
0.3875,8.76,2,0.7367,20,2,151
0.3635,17.67,1,0.4877,9,1,87
0.1497,11.87,2,0.9002,9,0,139
0.5968,6.13,2,0.4863,23,0,159
0.6027,32.32,0,0.9303,9,2,115
0.3403,17.29,1,0.8029,16,2,109
0.8599,11.27,1,0.1503,23,0,119
0.8455,43.3,1,0.047,2,1,114
0.1091,37.42,2,0.7409,12,0,141
0.695,38.69,0,0.6858,8,2,114
0.3938,1.96,0,0.6021,2,2,66
0.9997,45.76,1,0.9762,1,1,179
0.225,28.74,2,0.5454,15,2,143
0.2805,25.19,0,0.3479,15,0,57
0.4421,0.53,1,0.565,13,2,94
0.2687,44.88,2,0.0284,16,0,131
0.692,27.19,1,0.5793,17,2,125
0.4809,41.26,1,0.9024,1,2,131
0.2209,32.78,1,0.0043,0,1,68
0.5064,39.83,2,0.8453,8,0,175
0.8888,34.65,2,0.8019,13,2,213
0.7924,46.05,1,0.1061,21,2,120
0.4988,11.27,1,0.8468,23,2,113
0.2885,10.11,0,0.7635,19,0,69
0.1799,35.63,1,0.491,6,0,102
0.8784,25.07,2,0.2452,13,1,172
0.7102,29.96,1,0.2881,2,1,107
0.5722,35.43,2,0.6123,11,0,181
0.8794,27.37,1,0.2463,2,0,127
0.1217,39.38,2,0.3254,23,1,129
0.6825,15.94,2,0.9308,10,2,188
0.2167,42.95,1,0.7293,17,0,104
0.1206,5.38,2,0.7361,2,0,135
0.4656,31.7,2,0.9559,22,2,172
0.3874,44.51,0,0.0058,12,0,60
0.9412,12.63,0,0.2445,1,0,95
0.324,16.34,2,0.658,8,2,155
0.8149,15.27,1,0.4383,5,0,124
0.7488,28.21,0,0.1128,1,0,80
0.6679,20.64,2,0.7812,0,0,185
0.9204,5.4,1,0.0471,17,1,103
0.4079,44.56,0,0.5439,20,2,95
0.3897,10.23,0,0.5625,15,2,67
0.1609,26.7,2,0.636,16,1,135
0.2758,29.74,2,0.3156,0,2,137
0.8798,2.04,1,0.0236,4,1,108
0.4744,4.79,2,0.889,0,2,161
0.3414,48.58,0,0.9292,23,1,99
0.2161,33.23,2,0.482,17,0,131
0.485,1.68,0,0.0206,22,2,45
0.7167,39.71,1,0.5809,21,2,133
0.2867,25.43,2,0.3159,5,0,134
0.7577,3.76,1,0.1825,12,0,103
0.6298,34.04,2,0.169,15,2,161
0.7876,24.97,1,0.1793,17,0,113
0.2509,10.25,0,0.3308,16,2,44
0.631,43.89,0,0.2806,10,2,99
0.1537,14.57,0,0.8364,0,0,79
0.3638,14.23,0,0.4953,22,2,64
0.7244,13.64,0,0.4276,16,0,93
0.6317,38.37,2,0.1458,20,0,157
0.1879,35.31,0,0.8759,5,1,83
0.8583,45.16,0,0.0548,2,2,104
0.0534,11.47,2,0.2395,21,0,100
0.5952,39.32,1,0.6215,19,0,125
0.9838,28.65,0,0.7023,20,0,131
0.5315,15.43,2,0.8012,10,2,169
0.8007,1.77,0,0.4103,21,1,91
0.5952,40.95,2,0.3467,5,0,160
0.7831,12.05,0,0.2886,18,0,78
0.6556,31.59,1,0.5681,11,2,122
0.6911,27.44,1,0.3486,3,2,117
0.2278,0.22,1,0.3281,17,2,69
0.7418,49.72,2,0.0169,8,1,173
0.2379,40.72,1,0.9483,3,2,106
0.9806,24.32,1,0.0606,17,1,124
0.2278,34.02,0,0.2709,18,1,52
0.2367,23.83,1,0.9214,7,1,111
0.8587,37.23,2,0.7353,23,1,197
0.243,6.72,2,0.5781,17,1,133
0.3609,22.32,1,0.6608,0,1,99
0.7146,16.78,1,0.0971,8,1,102
0.1587,22.98,1,0.8086,23,2,100
0.1591,22.52,2,0.2501,4,2,117
0.4864,7.15,2,0.9562,22,1,175
0.2437,48.82,1,0.2314,12,1,90
0.2357,0.77,2,0.6254,16,2,133
0.0092,0.5,0,0.5453,16,1,28
0.3704,18.67,2,0.1431,12,0,125
0.3183,31.02,2,0.3629,12,2,134
0.0312,8.98,2,0.7813,13,2,120
0.6212,26.66,1,0.2126,15,1,107
0.6267,36.14,2,0.9629,17,2,198
0.0708,4.7,1,0.2955,10,0,51
0.317,49.22,2,0.6267,10,2,168
0.8728,16.84,0,0.6189,18,0,113
0.5822,32.12,1,0.4708,18,2,114
0.412,5.54,1,0.6554,15,1,98
0.4651,35.47,2,0.7436,11,1,167
0.2083,42.02,2,0.619,13,2,152
0.8119,5.26,2,0.56,13,0,164
0.914,6.29,0,0.6066,10,2,110
0.9107,14.05,1,0.402,4,0,125
0.2239,0.6,0,0.0709,12,2,34
0.3107,49.3,2,0.1597,10,2,147
0.1606,29.92,0,0.6067,1,0,66
0.3072,30.38,1,0.9272,22,2,108
0.3328,47.95,1,0.0257,16,2,87
0.6331,41.6,2,0.544,2,1,183
0.1896,40.71,2,0.2521,4,1,130
0.9194,16.98,2,0.5617,13,0,181
0.1031,16.74,1,0.7497,20,2,80
0.0069,14.59,0,0.7355,11,2,55
0.8549,17.33,2,0.7249,19,2,187
0.7038,18.48,0,0.7789,3,0,111
0.3554,7.0,1,0.0726,12,1,62
0.5955,17.8,1,0.5096,19,2,113
0.2235,22.34,1,0.2618,20,2,72
0.1684,15.47,2,0.9213,5,2,151
0.4711,8.27,0,0.7829,16,1,86
0.3532,18.67,1,0.1075,0,2,79
0.6152,24.05,0,0.2432,3,1,83
